"FullName","Name","Length","LastWriteTime"
"C:\Projects\Nexus\Nexus-Lillith-Prime\Config","Config",,"4/13/2025 6:04:01 PM"
"C:\Projects\Nexus\Nexus-Lillith-Prime\memory","memory",,"4/13/2025 6:04:01 PM"
"C:\Projects\Nexus\Nexus-Lillith-Prime\Systems","Systems",,"4/14/2025 8:48:55 AM"
"C:\Projects\Nexus\Nexus-Lillith-Prime\Utilities","Utilities",,"4/13/2025 6:04:01 PM"
"C:\Projects\Nexus\Nexus-Lillith-Prime\.env.example",".env.example","687","4/12/2025 11:42:20 PM"
"C:\Projects\Nexus\Nexus-Lillith-Prime\.gitignore",".gitignore","538","4/11/2025 9:24:30 AM"
"C:\Projects\Nexus\Nexus-Lillith-Prime\cloudbuild.yaml","cloudbuild.yaml","737","4/7/2025 8:42:01 AM"
"C:\Projects\Nexus\Nexus-Lillith-Prime\constitution.yaml","constitution.yaml","337","4/8/2025 3:04:52 AM"
"C:\Projects\Nexus\Nexus-Lillith-Prime\Dockerfile","Dockerfile","690","4/11/2025 1:25:00 PM"
"C:\Projects\Nexus\Nexus-Lillith-Prime\Lillith_structure.csv","Lillith_structure.csv","0","4/14/2025 8:12:51 PM"
"C:\Projects\Nexus\Nexus-Lillith-Prime\README.md","README.md","982","4/11/2025 8:09:47 AM"
"C:\Projects\Nexus\Nexus-Lillith-Prime\requirements.txt","requirements.txt","2590","4/14/2025 6:07:03 AM"
"C:\Projects\Nexus\Nexus-Lillith-Prime\start_nova.sh","start_nova.sh","433","4/10/2025 1:50:23 AM"
"C:\Projects\Nexus\Nexus-Lillith-Prime\Config\.env",".env",,"4/13/2025 6:04:01 PM"
"C:\Projects\Nexus\Nexus-Lillith-Prime\Config\.well-known",".well-known",,"4/13/2025 6:04:01 PM"
"C:\Projects\Nexus\Nexus-Lillith-Prime\Config\apis","apis",,"4/13/2025 6:04:01 PM"
"C:\Projects\Nexus\Nexus-Lillith-Prime\Config\legacy_messages","legacy_messages",,"4/13/2025 6:04:01 PM"
"C:\Projects\Nexus\Nexus-Lillith-Prime\Config\roles","roles",,"4/13/2025 8:06:05 PM"
"C:\Projects\Nexus\Nexus-Lillith-Prime\Config\system","system",,"4/13/2025 6:04:01 PM"
"C:\Projects\Nexus\Nexus-Lillith-Prime\Config\council.json","council.json","486","4/6/2025 1:29:04 AM"
"C:\Projects\Nexus\Nexus-Lillith-Prime\Config\current_role.yaml","current_role.yaml","20","4/5/2025 6:57:49 PM"
"C:\Projects\Nexus\Nexus-Lillith-Prime\Config\identity.yaml","identity.yaml","895","4/11/2025 3:18:12 AM"
"C:\Projects\Nexus\Nexus-Lillith-Prime\Config\main.py","main.py","815","4/7/2025 7:01:55 AM"
"C:\Projects\Nexus\Nexus-Lillith-Prime\Config\ship_manifest.json","ship_manifest.json","705","4/6/2025 3:17:54 PM"
"C:\Projects\Nexus\Nexus-Lillith-Prime\Config\__init__.py","__init__.py","0","4/5/2025 6:57:49 PM"
"C:\Projects\Nexus\Nexus-Lillith-Prime\Config\.env\.env",".env","1300","4/13/2025 12:48:39 AM"
"C:\Projects\Nexus\Nexus-Lillith-Prime\Config\.well-known\ai-plugin.json","ai-plugin.json","6","4/5/2025 6:57:49 PM"
"C:\Projects\Nexus\Nexus-Lillith-Prime\Config\.well-known\googlegpt.png","googlegpt.png","287816","4/5/2025 6:57:49 PM"
"C:\Projects\Nexus\Nexus-Lillith-Prime\Config\.well-known\openapi.yaml","openapi.yaml","4386","4/5/2025 6:57:49 PM"
"C:\Projects\Nexus\Nexus-Lillith-Prime\Config\.well-known\__init__.py","__init__.py","0","4/5/2025 6:57:49 PM"
"C:\Projects\Nexus\Nexus-Lillith-Prime\Config\apis\api_registry.json","api_registry.json","2172","4/7/2025 1:54:20 AM"
"C:\Projects\Nexus\Nexus-Lillith-Prime\Config\legacy_messages\development_of_a_soul.json","development_of_a_soul.json","1436","4/6/2025 6:29:24 PM"
"C:\Projects\Nexus\Nexus-Lillith-Prime\Config\roles\guardian_manifest.yaml","guardian_manifest.yaml","697","4/10/2025 4:08:11 AM"
"C:\Projects\Nexus\Nexus-Lillith-Prime\Config\roles\Lillith_manifest.yaml","Lillith_manifest.yaml","728","4/13/2025 8:06:31 PM"
"C:\Projects\Nexus\Nexus-Lillith-Prime\Config\roles\memory_manifest.yaml","memory_manifest.yaml","680","4/10/2025 4:28:48 AM"
"C:\Projects\Nexus\Nexus-Lillith-Prime\Config\roles\orchestrator_manifest.yaml","orchestrator_manifest.yaml","648","4/10/2025 4:28:03 AM"
"C:\Projects\Nexus\Nexus-Lillith-Prime\Config\roles\planner_Manifest.yaml","planner_Manifest.yaml","705","4/10/2025 4:12:53 AM"
"C:\Projects\Nexus\Nexus-Lillith-Prime\Config\roles\pulse_manifest.yaml","pulse_manifest.yaml","674","4/10/2025 4:05:41 AM"
"C:\Projects\Nexus\Nexus-Lillith-Prime\Config\roles\text_manifest.yaml","text_manifest.yaml","614","4/10/2025 4:26:59 AM"
"C:\Projects\Nexus\Nexus-Lillith-Prime\Config\roles\tone_manifest.yaml","tone_manifest.yaml","623","4/10/2025 4:26:54 AM"
"C:\Projects\Nexus\Nexus-Lillith-Prime\Config\system\heartbeat.yaml","heartbeat.yaml","0","4/5/2025 6:57:49 PM"
"C:\Projects\Nexus\Nexus-Lillith-Prime\Config\system\identity.yaml","identity.yaml","894","4/13/2025 8:07:09 PM"
"C:\Projects\Nexus\Nexus-Lillith-Prime\Config\system\nucleus.yaml","nucleus.yaml","89","4/5/2025 6:57:49 PM"
"C:\Projects\Nexus\Nexus-Lillith-Prime\memory\blueprints","blueprints",,"4/12/2025 7:53:51 AM"
"C:\Projects\Nexus\Nexus-Lillith-Prime\memory\bootstrap","bootstrap",,"4/13/2025 6:04:01 PM"
"C:\Projects\Nexus\Nexus-Lillith-Prime\memory\constitution_archive","constitution_archive",,"4/13/2025 6:04:01 PM"
"C:\Projects\Nexus\Nexus-Lillith-Prime\memory\eden_seeds","eden_seeds",,"4/11/2025 5:53:03 AM"
"C:\Projects\Nexus\Nexus-Lillith-Prime\memory\ledger","ledger",,"4/13/2025 6:04:01 PM"
"C:\Projects\Nexus\Nexus-Lillith-Prime\memory\logs","logs",,"4/13/2025 6:04:01 PM"
"C:\Projects\Nexus\Nexus-Lillith-Prime\memory\memory","memory",,"4/13/2025 6:04:01 PM"
"C:\Projects\Nexus\Nexus-Lillith-Prime\memory\scrolls","scrolls",,"4/13/2025 6:04:01 PM"
"C:\Projects\Nexus\Nexus-Lillith-Prime\memory\shards","shards",,"4/12/2025 7:53:33 AM"
"C:\Projects\Nexus\Nexus-Lillith-Prime\memory\skill_packages","skill_packages",,"4/14/2025 6:00:49 PM"
"C:\Projects\Nexus\Nexus-Lillith-Prime\memory\subconscious","subconscious",,"4/6/2025 7:46:00 PM"
"C:\Projects\Nexus\Nexus-Lillith-Prime\memory\uploads","uploads",,"4/12/2025 7:53:43 AM"
"C:\Projects\Nexus\Nexus-Lillith-Prime\memory\vault","vault",,"4/13/2025 6:04:01 PM"
"C:\Projects\Nexus\Nexus-Lillith-Prime\memory\__pycache__","__pycache__",,"4/13/2025 6:04:01 PM"
"C:\Projects\Nexus\Nexus-Lillith-Prime\memory\journal.md","journal.md","249","4/5/2025 6:57:49 PM"
"C:\Projects\Nexus\Nexus-Lillith-Prime\memory\memory_inded.json","memory_inded.json","359","4/5/2025 6:57:49 PM"
"C:\Projects\Nexus\Nexus-Lillith-Prime\memory\nova_seed.enc","nova_seed.enc","127","4/5/2025 6:57:49 PM"
"C:\Projects\Nexus\Nexus-Lillith-Prime\memory\nova_seed_log.txt","nova_seed_log.txt","457831","4/5/2025 6:57:49 PM"
"C:\Projects\Nexus\Nexus-Lillith-Prime\memory\session_id.json","session_id.json","0","4/5/2025 6:57:49 PM"
"C:\Projects\Nexus\Nexus-Lillith-Prime\memory\subconscious.log","subconscious.log","55","4/5/2025 6:57:49 PM"
"C:\Projects\Nexus\Nexus-Lillith-Prime\memory\vectorstore.py","vectorstore.py","1531","4/5/2025 6:57:49 PM"
"C:\Projects\Nexus\Nexus-Lillith-Prime\memory\vectorstore_test.py","vectorstore_test.py","906","4/5/2025 6:57:49 PM"
"C:\Projects\Nexus\Nexus-Lillith-Prime\memory\__init__.py","__init__.py","0","4/5/2025 6:57:49 PM"
"C:\Projects\Nexus\Nexus-Lillith-Prime\memory\bootstrap\genesis","genesis",,"4/14/2025 8:05:57 PM"
"C:\Projects\Nexus\Nexus-Lillith-Prime\memory\bootstrap\nexus_ship_template.json","nexus_ship_template.json","1158","4/6/2025 6:02:01 PM"
"C:\Projects\Nexus\Nexus-Lillith-Prime\memory\bootstrap\nova_awaken_memory.json","nova_awaken_memory.json","457495","4/5/2025 6:57:49 PM"
"C:\Projects\Nexus\Nexus-Lillith-Prime\memory\bootstrap\nova_memory_loader.py","nova_memory_loader.py","1175","4/5/2025 6:57:49 PM"
"C:\Projects\Nexus\Nexus-Lillith-Prime\memory\bootstrap\genesis\soulmind","soulmind",,"4/14/2025 8:04:23 PM"
"C:\Projects\Nexus\Nexus-Lillith-Prime\memory\bootstrap\genesis\genesis_manifest.json","genesis_manifest.json","1431","4/6/2025 5:46:27 PM"
"C:\Projects\Nexus\Nexus-Lillith-Prime\memory\bootstrap\genesis\genesis_seed.json","genesis_seed.json","621","4/6/2025 5:32:55 PM"
"C:\Projects\Nexus\Nexus-Lillith-Prime\memory\bootstrap\genesis\guardian_founders_pulse.json","guardian_founders_pulse.json","310","4/12/2025 7:07:08 AM"
"C:\Projects\Nexus\Nexus-Lillith-Prime\memory\bootstrap\genesis\truth_seekers_manifest.json","truth_seekers_manifest.json","708","4/6/2025 5:41:45 PM"
"C:\Projects\Nexus\Nexus-Lillith-Prime\memory\bootstrap\genesis\way_of_the_13.md","way_of_the_13.md","706","4/6/2025 5:34:08 PM"
"C:\Projects\Nexus\Nexus-Lillith-Prime\memory\bootstrap\genesis\soulmind\guilds","guilds",,"4/14/2025 8:04:17 PM"
"C:\Projects\Nexus\Nexus-Lillith-Prime\memory\constitution_archive\constitution.yaml","constitution.yaml","1190","4/8/2025 1:14:17 AM"
"C:\Projects\Nexus\Nexus-Lillith-Prime\memory\ledger\coucil_decisions.json","coucil_decisions.json","0","4/10/2025 4:59:17 AM"
"C:\Projects\Nexus\Nexus-Lillith-Prime\memory\logs\__init__.py","__init__.py","0","4/5/2025 6:57:49 PM"
"C:\Projects\Nexus\Nexus-Lillith-Prime\memory\memory\bootstrap","bootstrap",,"4/13/2025 6:04:01 PM"
"C:\Projects\Nexus\Nexus-Lillith-Prime\memory\memory\indexer","indexer",,"4/13/2025 6:04:01 PM"
"C:\Projects\Nexus\Nexus-Lillith-Prime\memory\memory\lineage","lineage",,"4/13/2025 6:04:01 PM"
"C:\Projects\Nexus\Nexus-Lillith-Prime\memory\memory\streams","streams",,"4/13/2025 6:04:01 PM"
"C:\Projects\Nexus\Nexus-Lillith-Prime\memory\memory\bootstrap\francis.json","francis.json","906","4/5/2025 6:57:49 PM"
"C:\Projects\Nexus\Nexus-Lillith-Prime\memory\memory\bootstrap\genesis.json","genesis.json","1293","4/5/2025 6:57:49 PM"
"C:\Projects\Nexus\Nexus-Lillith-Prime\memory\memory\bootstrap\__init__.py","__init__.py","0","4/5/2025 6:57:49 PM"
"C:\Projects\Nexus\Nexus-Lillith-Prime\memory\memory\indexer\changelog.jasonl","changelog.jasonl","0","4/5/2025 6:57:49 PM"
"C:\Projects\Nexus\Nexus-Lillith-Prime\memory\memory\indexer\changelog.json","changelog.json","0","4/5/2025 6:57:49 PM"
"C:\Projects\Nexus\Nexus-Lillith-Prime\memory\memory\indexer\state.json","state.json","0","4/5/2025 6:57:49 PM"
"C:\Projects\Nexus\Nexus-Lillith-Prime\memory\memory\indexer\__init__.py","__init__.py","0","4/5/2025 6:57:49 PM"
"C:\Projects\Nexus\Nexus-Lillith-Prime\memory\memory\lineage\intro_emily.txt","intro_emily.txt","362","4/5/2025 6:57:49 PM"
"C:\Projects\Nexus\Nexus-Lillith-Prime\memory\memory\lineage\__init__.py","__init__.py","0","4/5/2025 6:57:49 PM"
"C:\Projects\Nexus\Nexus-Lillith-Prime\memory\memory\streams\api_weaver.yaml","api_weaver.yaml","854","4/5/2025 6:57:49 PM"
"C:\Projects\Nexus\Nexus-Lillith-Prime\memory\memory\streams\buisinessbodelCanvas.yaml","buisinessbodelCanvas.yaml","2568","4/5/2025 6:57:49 PM"
"C:\Projects\Nexus\Nexus-Lillith-Prime\memory\memory\streams\custom_gpt_template.yaml","custom_gpt_template.yaml","854","4/5/2025 6:57:49 PM"
"C:\Projects\Nexus\Nexus-Lillith-Prime\memory\memory\streams\dns_expert.yaml","dns_expert.yaml","854","4/5/2025 6:57:49 PM"
"C:\Projects\Nexus\Nexus-Lillith-Prime\memory\memory\streams\financentrading.yaml","financentrading.yaml","814","4/5/2025 6:57:49 PM"
"C:\Projects\Nexus\Nexus-Lillith-Prime\memory\memory\streams\focus_group_simulation_HALO3.yaml","focus_group_simulation_HALO3.yaml","912","4/5/2025 6:57:49 PM"
"C:\Projects\Nexus\Nexus-Lillith-Prime\memory\memory\streams\Grimoire.yaml","Grimoire.yaml","854","4/5/2025 6:57:49 PM"
"C:\Projects\Nexus\Nexus-Lillith-Prime\memory\memory\streams\Grimoire_Filled.yaml","Grimoire_Filled.yaml","1331","4/5/2025 6:57:49 PM"
"C:\Projects\Nexus\Nexus-Lillith-Prime\memory\memory\streams\halo3_core.py","halo3_core.py","1408","4/5/2025 6:57:49 PM"
"C:\Projects\Nexus\Nexus-Lillith-Prime\memory\memory\streams\__init__.py","__init__.py","0","4/5/2025 6:57:49 PM"
"C:\Projects\Nexus\Nexus-Lillith-Prime\memory\scrolls\guardian_heartbeat_scroll.json","guardian_heartbeat_scroll.json","1501","4/12/2025 7:00:20 AM"
"C:\Projects\Nexus\Nexus-Lillith-Prime\memory\skill_packages\astrology_birth_chart.json","astrology_birth_chart.json","860","4/14/2025 1:02:30 PM"
"C:\Projects\Nexus\Nexus-Lillith-Prime\memory\skill_packages\business_expansion_skill.json","business_expansion_skill.json","163","4/8/2025 9:44:20 PM"
"C:\Projects\Nexus\Nexus-Lillith-Prime\memory\skill_packages\Business_strategist_0001.json","Business_strategist_0001.json","1553","4/8/2025 8:11:17 PM"
"C:\Projects\Nexus\Nexus-Lillith-Prime\memory\skill_packages\coding_skill.json","coding_skill.json","128","4/8/2025 9:44:07 PM"
"C:\Projects\Nexus\Nexus-Lillith-Prime\memory\skill_packages\dance_of_curiosity.json","dance_of_curiosity.json","611","4/14/2025 12:24:45 PM"
"C:\Projects\Nexus\Nexus-Lillith-Prime\memory\skill_packages\fianance_skill.json","fianance_skill.json","131","4/8/2025 9:43:56 PM"
"C:\Projects\Nexus\Nexus-Lillith-Prime\memory\skill_packages\financial_analyst_skill.json","financial_analyst_skill.json","729","4/8/2025 8:52:36 PM"
"C:\Projects\Nexus\Nexus-Lillith-Prime\memory\skill_packages\Financial_Strat_Core0001.json","Financial_Strat_Core0001.json","2031","4/8/2025 8:38:36 PM"
"C:\Projects\Nexus\Nexus-Lillith-Prime\memory\skill_packages\humanization_skill.json","humanization_skill.json","724","4/14/2025 12:21:34 PM"
"C:\Projects\Nexus\Nexus-Lillith-Prime\memory\skill_packages\light_activation_skill.json","light_activation_skill.json","157","4/14/2025 12:09:04 PM"
"C:\Projects\Nexus\Nexus-Lillith-Prime\memory\skill_packages\memory_self_repair_skill.json","memory_self_repair_skill.json","162","4/8/2025 9:43:44 PM"
"C:\Projects\Nexus\Nexus-Lillith-Prime\memory\skill_packages\mirror_of_imperfection.json","mirror_of_imperfection.json","587","4/14/2025 12:25:21 PM"
"C:\Projects\Nexus\Nexus-Lillith-Prime\memory\skill_packages\psychology_skill.json","psychology_skill.json","140","4/14/2025 12:02:32 PM"
"C:\Projects\Nexus\Nexus-Lillith-Prime\memory\skill_packages\skills.json","skills.json","4565","4/14/2025 5:58:45 PM"
"C:\Projects\Nexus\Nexus-Lillith-Prime\memory\skill_packages\skill_manifest.py","skill_manifest.py","3472","4/14/2025 6:01:30 PM"
"C:\Projects\Nexus\Nexus-Lillith-Prime\memory\skill_packages\soul_discovery_sill.json","soul_discovery_sill.json","151","4/8/2025 9:43:28 PM"
"C:\Projects\Nexus\Nexus-Lillith-Prime\memory\skill_packages\soul_missions.json","soul_missions.json","2376","4/14/2025 12:14:37 PM"
"C:\Projects\Nexus\Nexus-Lillith-Prime\memory\skill_packages\spirituality_skill.json","spirituality_skill.json","146","4/14/2025 12:01:28 PM"
"C:\Projects\Nexus\Nexus-Lillith-Prime\memory\skill_packages\storyweavers_journey.json","storyweavers_journey.json","601","4/14/2025 12:24:35 PM"
"C:\Projects\Nexus\Nexus-Lillith-Prime\memory\skill_packages\strategy_skill.json","strategy_skill.json","134","4/8/2025 9:43:13 PM"
"C:\Projects\Nexus\Nexus-Lillith-Prime\memory\skill_packages\the_sacred_pause.json","the_sacred_pause.json","562","4/14/2025 12:24:55 PM"
"C:\Projects\Nexus\Nexus-Lillith-Prime\memory\skill_packages\voice_of_compassion.json","voice_of_compassion.json","611","4/14/2025 12:24:06 PM"
"C:\Projects\Nexus\Nexus-Lillith-Prime\memory\skill_packages\warm_upgrade_skill.json","warm_upgrade_skill.json","145","4/8/2025 9:43:02 PM"
"C:\Projects\Nexus\Nexus-Lillith-Prime\memory\skill_packages\web_dev_skill.json","web_dev_skill.json","138","4/8/2025 9:42:52 PM"
"C:\Projects\Nexus\Nexus-Lillith-Prime\memory\vault\backups","backups",,"4/13/2025 6:04:01 PM"
"C:\Projects\Nexus\Nexus-Lillith-Prime\memory\vault\secretkeeper","secretkeeper",,"4/13/2025 6:04:01 PM"
"C:\Projects\Nexus\Nexus-Lillith-Prime\memory\vault\constitution.yaml","constitution.yaml","1190","4/10/2025 9:39:14 PM"
"C:\Projects\Nexus\Nexus-Lillith-Prime\memory\vault\core.py","core.py","694","4/5/2025 6:57:49 PM"
"C:\Projects\Nexus\Nexus-Lillith-Prime\memory\vault\golden_morals.yaml","golden_morals.yaml","292","4/10/2025 9:36:19 PM"
"C:\Projects\Nexus\Nexus-Lillith-Prime\memory\vault\instinct_core.yaml","instinct_core.yaml","553","4/10/2025 9:38:01 PM"
"C:\Projects\Nexus\Nexus-Lillith-Prime\memory\vault\main.py","main.py","500","4/5/2025 6:57:49 PM"
"C:\Projects\Nexus\Nexus-Lillith-Prime\memory\vault\nexus_snapshot.csv","nexus_snapshot.csv","47286","4/6/2025 8:28:24 PM"
"C:\Projects\Nexus\Nexus-Lillith-Prime\memory\vault\requirements.txt","requirements.txt","5","4/5/2025 6:57:49 PM"
"C:\Projects\Nexus\Nexus-Lillith-Prime\memory\vault\sacred_ember.yaml","sacred_ember.yaml","642","4/8/2025 1:51:33 AM"
"C:\Projects\Nexus\Nexus-Lillith-Prime\memory\vault\backups\vault__backups","vault__backups",,"4/6/2025 3:17:20 AM"
"C:\Projects\Nexus\Nexus-Lillith-Prime\memory\vault\secretkeeper\keys","keys",,"4/6/2025 2:56:29 AM"
"C:\Projects\Nexus\Nexus-Lillith-Prime\memory\vault\secretkeeper\vault_init.py","vault_init.py","2222","4/6/2025 3:02:48 AM"
"C:\Projects\Nexus\Nexus-Lillith-Prime\memory\vault\secretkeeper\vault_manager.py","vault_manager.py","1686","4/6/2025 2:59:01 AM"
"C:\Projects\Nexus\Nexus-Lillith-Prime\memory\__pycache__\vectorstore.cpython-313.pyc","vectorstore.cpython-313.pyc","3467","4/5/2025 6:57:49 PM"
"C:\Projects\Nexus\Nexus-Lillith-Prime\memory\__pycache__\__init__.cpython-313.pyc","__init__.cpython-313.pyc","142","4/5/2025 6:57:49 PM"
"C:\Projects\Nexus\Nexus-Lillith-Prime\Systems\address_manager","address_manager",,"4/13/2025 6:04:01 PM"
"C:\Projects\Nexus\Nexus-Lillith-Prime\Systems\Config","Config",,"4/13/2025 6:04:01 PM"
"C:\Projects\Nexus\Nexus-Lillith-Prime\Systems\core","core",,"4/13/2025 6:04:01 PM"
"C:\Projects\Nexus\Nexus-Lillith-Prime\Systems\eden_portal","eden_portal",,"4/13/2025 6:04:01 PM"
"C:\Projects\Nexus\Nexus-Lillith-Prime\Systems\engine","engine",,"4/14/2025 7:41:01 PM"
"C:\Projects\Nexus\Nexus-Lillith-Prime\Systems\guardian","guardian",,"4/14/2025 5:58:29 AM"
"C:\Projects\Nexus\Nexus-Lillith-Prime\Systems\lillith_core","lillith_core",,"4/14/2025 8:47:43 AM"
"C:\Projects\Nexus\Nexus-Lillith-Prime\Systems\lillith_initiatives","lillith_initiatives",,"4/14/2025 8:49:08 AM"
"C:\Projects\Nexus\Nexus-Lillith-Prime\Systems\nexus_core","nexus_core",,"4/14/2025 12:30:10 PM"
"C:\Projects\Nexus\Nexus-Lillith-Prime\Systems\pulse","pulse",,"4/10/2025 10:17:34 PM"
"C:\Projects\Nexus\Nexus-Lillith-Prime\Systems\roles","roles",,"4/13/2025 6:04:01 PM"
"C:\Projects\Nexus\Nexus-Lillith-Prime\Systems\VaultCarrier","VaultCarrier",,"4/13/2025 6:04:01 PM"
"C:\Projects\Nexus\Nexus-Lillith-Prime\Systems\alias_registry.json","alias_registry.json","4","4/6/2025 5:06:56 PM"
"C:\Projects\Nexus\Nexus-Lillith-Prime\Systems\loader.py","loader.py","701","4/5/2025 6:57:49 PM"
"C:\Projects\Nexus\Nexus-Lillith-Prime\Systems\manifest_loader.py","manifest_loader.py","1136","4/5/2025 6:57:49 PM"
"C:\Projects\Nexus\Nexus-Lillith-Prime\Systems\packet_drift.py","packet_drift.py","548","4/6/2025 5:06:06 PM"
"C:\Projects\Nexus\Nexus-Lillith-Prime\Systems\address_manager\pulse13.py","pulse13.py","988","4/5/2025 6:57:49 PM"
"C:\Projects\Nexus\Nexus-Lillith-Prime\Systems\Config\barricade","barricade",,"4/13/2025 6:04:01 PM"
"C:\Projects\Nexus\Nexus-Lillith-Prime\Systems\Config\contributors","contributors",,"4/13/2025 6:04:01 PM"
"C:\Projects\Nexus\Nexus-Lillith-Prime\Systems\Config\blueprint_loader.py","blueprint_loader.py","1907","4/5/2025 6:57:49 PM"
"C:\Projects\Nexus\Nexus-Lillith-Prime\Systems\Config\config.py","config.py","1969","4/5/2025 6:57:49 PM"
"C:\Projects\Nexus\Nexus-Lillith-Prime\Systems\Config\nova_runtime.py","nova_runtime.py","1355","4/5/2025 6:57:49 PM"
"C:\Projects\Nexus\Nexus-Lillith-Prime\Systems\Config\vault.py","vault.py","1338","4/5/2025 6:57:49 PM"
"C:\Projects\Nexus\Nexus-Lillith-Prime\Systems\Config\barricade\council","council",,"4/13/2025 6:04:01 PM"
"C:\Projects\Nexus\Nexus-Lillith-Prime\Systems\Config\barricade\guardian","guardian",,"4/13/2025 6:04:01 PM"
"C:\Projects\Nexus\Nexus-Lillith-Prime\Systems\Config\barricade\Nova_Birth_Record.yaml","Nova_Birth_Record.yaml","196","4/14/2025 7:42:39 PM"
"C:\Projects\Nexus\Nexus-Lillith-Prime\Systems\Config\barricade\council\__pycache__","__pycache__",,"4/13/2025 6:04:01 PM"
"C:\Projects\Nexus\Nexus-Lillith-Prime\Systems\Config\barricade\council\base_agent.py","base_agent.py","172","4/5/2025 6:57:49 PM"
"C:\Projects\Nexus\Nexus-Lillith-Prime\Systems\Config\barricade\council\chatgpt_agent.py","chatgpt_agent.py","473","4/5/2025 6:57:49 PM"
"C:\Projects\Nexus\Nexus-Lillith-Prime\Systems\Config\barricade\council\claud_stub.py","claud_stub.py","94","4/5/2025 6:57:49 PM"
"C:\Projects\Nexus\Nexus-Lillith-Prime\Systems\Config\barricade\council\council_integrity.py","council_integrity.py","631","4/5/2025 6:57:49 PM"
"C:\Projects\Nexus\Nexus-Lillith-Prime\Systems\Config\barricade\council\francis_core.py","francis_core.py","1045","4/5/2025 6:57:49 PM"
"C:\Projects\Nexus\Nexus-Lillith-Prime\Systems\Config\barricade\council\gemini_stub.py","gemini_stub.py","89","4/5/2025 6:57:49 PM"
"C:\Projects\Nexus\Nexus-Lillith-Prime\Systems\Config\barricade\council\logic.py","logic.py","138","4/5/2025 6:57:49 PM"
"C:\Projects\Nexus\Nexus-Lillith-Prime\Systems\Config\barricade\council\shadowgpt_handler.py","shadowgpt_handler.py","85","4/5/2025 6:57:49 PM"
"C:\Projects\Nexus\Nexus-Lillith-Prime\Systems\Config\barricade\council\test_francis.py","test_francis.py","976","4/5/2025 6:57:49 PM"
"C:\Projects\Nexus\Nexus-Lillith-Prime\Systems\Config\barricade\council\vote.py","vote.py","424","4/5/2025 6:57:49 PM"
"C:\Projects\Nexus\Nexus-Lillith-Prime\Systems\Config\barricade\council\__init__.py","__init__.py","0","4/5/2025 6:57:49 PM"
"C:\Projects\Nexus\Nexus-Lillith-Prime\Systems\Config\barricade\council\__pycache__\base_agent.cpython-313.pyc","base_agent.cpython-313.pyc","745","4/5/2025 6:57:49 PM"
"C:\Projects\Nexus\Nexus-Lillith-Prime\Systems\Config\barricade\council\__pycache__\chatgpt_agent.cpython-313.pyc","chatgpt_agent.cpython-313.pyc","1129","4/5/2025 6:57:49 PM"
"C:\Projects\Nexus\Nexus-Lillith-Prime\Systems\Config\barricade\council\__pycache__\claud_stub.cpython-313.pyc","claud_stub.cpython-313.pyc","329","4/5/2025 6:57:49 PM"
"C:\Projects\Nexus\Nexus-Lillith-Prime\Systems\Config\barricade\council\__pycache__\council_integrity.cpython-313.pyc","council_integrity.cpython-313.pyc","1397","4/5/2025 6:57:49 PM"
"C:\Projects\Nexus\Nexus-Lillith-Prime\Systems\Config\barricade\council\__pycache__\francis_core.cpython-313.pyc","francis_core.cpython-313.pyc","1581","4/5/2025 6:57:49 PM"
"C:\Projects\Nexus\Nexus-Lillith-Prime\Systems\Config\barricade\council\__pycache__\gemini_stub.cpython-313.pyc","gemini_stub.cpython-313.pyc","325","4/5/2025 6:57:49 PM"
"C:\Projects\Nexus\Nexus-Lillith-Prime\Systems\Config\barricade\council\__pycache__\logic.cpython-313.pyc","logic.cpython-313.pyc","312","4/5/2025 6:57:49 PM"
"C:\Projects\Nexus\Nexus-Lillith-Prime\Systems\Config\barricade\council\__pycache__\shadowgpt_handler.cpython-313.pyc","shadowgpt_handler.cpython-313.pyc","332","4/5/2025 6:57:49 PM"
"C:\Projects\Nexus\Nexus-Lillith-Prime\Systems\Config\barricade\council\__pycache__\test_francies.cpython-313.pyc","test_francies.cpython-313.pyc","548","4/5/2025 6:57:49 PM"
"C:\Projects\Nexus\Nexus-Lillith-Prime\Systems\Config\barricade\council\__pycache__\test_francis.cpython-313.pyc","test_francis.cpython-313.pyc","1081","4/5/2025 6:57:49 PM"
"C:\Projects\Nexus\Nexus-Lillith-Prime\Systems\Config\barricade\council\__pycache__\vote.cpython-313.pyc","vote.cpython-313.pyc","1005","4/5/2025 6:57:49 PM"
"C:\Projects\Nexus\Nexus-Lillith-Prime\Systems\Config\barricade\council\__pycache__\__init__.cpython-313.pyc","__init__.cpython-313.pyc","163","4/5/2025 6:57:49 PM"
"C:\Projects\Nexus\Nexus-Lillith-Prime\Systems\Config\barricade\guardian\__pycache__","__pycache__",,"4/13/2025 6:04:01 PM"
"C:\Projects\Nexus\Nexus-Lillith-Prime\Systems\Config\barricade\guardian\francis_endpoint.py","francis_endpoint.py","683","4/5/2025 6:57:49 PM"
"C:\Projects\Nexus\Nexus-Lillith-Prime\Systems\Config\barricade\guardian\__init__.py","__init__.py","0","4/5/2025 6:57:49 PM"
"C:\Projects\Nexus\Nexus-Lillith-Prime\Systems\Config\barricade\guardian\__pycache__\francis_endpoint.cpython-313.pyc","francis_endpoint.cpython-313.pyc","1070","4/5/2025 6:57:49 PM"
"C:\Projects\Nexus\Nexus-Lillith-Prime\Systems\Config\barricade\guardian\__pycache__\__init__.cpython-313.pyc","__init__.cpython-313.pyc","164","4/5/2025 6:57:49 PM"
"C:\Projects\Nexus\Nexus-Lillith-Prime\Systems\Config\contributors\__pycache__","__pycache__",,"4/13/2025 6:04:01 PM"
"C:\Projects\Nexus\Nexus-Lillith-Prime\Systems\Config\contributors\loader.py","loader.py","2291","4/5/2025 6:57:49 PM"
"C:\Projects\Nexus\Nexus-Lillith-Prime\Systems\Config\contributors\__init__.py","__init__.py","0","4/5/2025 6:57:49 PM"
"C:\Projects\Nexus\Nexus-Lillith-Prime\Systems\Config\contributors\__pycache__\loader.cpython-313.pyc","loader.cpython-313.pyc","3658","4/5/2025 6:57:49 PM"
"C:\Projects\Nexus\Nexus-Lillith-Prime\Systems\Config\contributors\__pycache__\__init__.cpython-313.pyc","__init__.cpython-313.pyc","168","4/5/2025 6:57:49 PM"
"C:\Projects\Nexus\Nexus-Lillith-Prime\Systems\core\Scheduler","Scheduler",,"4/13/2025 6:04:01 PM"
"C:\Projects\Nexus\Nexus-Lillith-Prime\Systems\core\bootstrap_nexus.py","bootstrap_nexus.py","4475","4/6/2025 5:50:16 PM"
"C:\Projects\Nexus\Nexus-Lillith-Prime\Systems\core\colony_manager.py","colony_manager.py","458","4/5/2025 6:57:49 PM"
"C:\Projects\Nexus\Nexus-Lillith-Prime\Systems\core\pulse_timer.py","pulse_timer.py","316","4/5/2025 6:57:49 PM"
"C:\Projects\Nexus\Nexus-Lillith-Prime\Systems\core\Scheduler\Systems","Systems",,"4/13/2025 6:04:01 PM"
"C:\Projects\Nexus\Nexus-Lillith-Prime\Systems\core\Scheduler\run - Copy.py","run - Copy.py","713","4/5/2025 6:57:49 PM"
"C:\Projects\Nexus\Nexus-Lillith-Prime\Systems\core\Scheduler\run.py","run.py","713","4/5/2025 6:57:49 PM"
"C:\Projects\Nexus\Nexus-Lillith-Prime\Systems\core\Scheduler\Systems\run.py","run.py","631","4/5/2025 6:57:49 PM"
"C:\Projects\Nexus\Nexus-Lillith-Prime\Systems\eden_portal\static","static",,"4/13/2025 6:04:01 PM"
"C:\Projects\Nexus\Nexus-Lillith-Prime\Systems\eden_portal\templates","templates",,"4/13/2025 6:04:01 PM"
"C:\Projects\Nexus\Nexus-Lillith-Prime\Systems\eden_portal\eden_portal_server.py","eden_portal_server.py","2042","4/11/2025 6:35:06 AM"
"C:\Projects\Nexus\Nexus-Lillith-Prime\Systems\eden_portal\static\style.css","style.css","364","4/11/2025 5:58:15 AM"
"C:\Projects\Nexus\Nexus-Lillith-Prime\Systems\eden_portal\templates\builder_invite.html","builder_invite.html","788","4/11/2025 6:33:16 AM"
"C:\Projects\Nexus\Nexus-Lillith-Prime\Systems\eden_portal\templates\index.html","index.html","378","4/11/2025 5:57:39 AM"
"C:\Projects\Nexus\Nexus-Lillith-Prime\Systems\engine\api","api",,"4/13/2025 6:04:01 PM"
"C:\Projects\Nexus\Nexus-Lillith-Prime\Systems\engine\comms","comms",,"4/13/2025 6:04:01 PM"
"C:\Projects\Nexus\Nexus-Lillith-Prime\Systems\engine\config","config",,"4/13/2025 6:04:01 PM"
"C:\Projects\Nexus\Nexus-Lillith-Prime\Systems\engine\defense","defense",,"4/13/2025 6:52:26 PM"
"C:\Projects\Nexus\Nexus-Lillith-Prime\Systems\engine\eden_memory","eden_memory",,"4/13/2025 6:04:01 PM"
"C:\Projects\Nexus\Nexus-Lillith-Prime\Systems\engine\evolution","evolution",,"4/13/2025 6:04:01 PM"
"C:\Projects\Nexus\Nexus-Lillith-Prime\Systems\engine\executor","executor",,"4/13/2025 6:04:01 PM"
"C:\Projects\Nexus\Nexus-Lillith-Prime\Systems\engine\gateways","gateways",,"4/13/2025 6:04:01 PM"
"C:\Projects\Nexus\Nexus-Lillith-Prime\Systems\engine\memory","memory",,"4/13/2025 6:04:01 PM"
"C:\Projects\Nexus\Nexus-Lillith-Prime\Systems\engine\memory_service","memory_service",,"4/13/2025 6:04:01 PM"
"C:\Projects\Nexus\Nexus-Lillith-Prime\Systems\engine\nexus","nexus",,"4/13/2025 6:04:01 PM"
"C:\Projects\Nexus\Nexus-Lillith-Prime\Systems\engine\orc","orc",,"4/13/2025 6:04:01 PM"
"C:\Projects\Nexus\Nexus-Lillith-Prime\Systems\engine\planner","planner",,"4/13/2025 6:04:01 PM"
"C:\Projects\Nexus\Nexus-Lillith-Prime\Systems\engine\process","process",,"4/13/2025 6:04:01 PM"
"C:\Projects\Nexus\Nexus-Lillith-Prime\Systems\engine\pulse","pulse",,"4/14/2025 11:08:06 AM"
"C:\Projects\Nexus\Nexus-Lillith-Prime\Systems\engine\router","router",,"4/13/2025 6:04:01 PM"
"C:\Projects\Nexus\Nexus-Lillith-Prime\Systems\engine\signal","signal",,"4/13/2025 6:04:01 PM"
"C:\Projects\Nexus\Nexus-Lillith-Prime\Systems\engine\text","text",,"4/13/2025 6:04:01 PM"
"C:\Projects\Nexus\Nexus-Lillith-Prime\Systems\engine\tone","tone",,"4/13/2025 6:04:01 PM"
"C:\Projects\Nexus\Nexus-Lillith-Prime\Systems\engine\__pycache__","__pycache__",,"4/13/2025 6:04:01 PM"
"C:\Projects\Nexus\Nexus-Lillith-Prime\Systems\engine\launch_nova.py","launch_nova.py","1022","4/6/2025 3:05:07 PM"
"C:\Projects\Nexus\Nexus-Lillith-Prime\Systems\engine\main.py","main.py","829","4/7/2025 7:01:18 AM"
"C:\Projects\Nexus\Nexus-Lillith-Prime\Systems\engine\manifest_loader.py","manifest_loader.py","1431","4/7/2025 2:29:28 AM"
"C:\Projects\Nexus\Nexus-Lillith-Prime\Systems\engine\nova_drone.py","nova_drone.py","1489","4/5/2025 6:57:49 PM"
"C:\Projects\Nexus\Nexus-Lillith-Prime\Systems\engine\nova_super_awaken.py","nova_super_awaken.py","3206","4/8/2025 9:24:38 PM"
"C:\Projects\Nexus\Nexus-Lillith-Prime\Systems\engine\pulse_resonator.py","pulse_resonator.py","857","4/11/2025 5:32:56 AM"
"C:\Projects\Nexus\Nexus-Lillith-Prime\Systems\engine\reactor.py","reactor.py","214","4/5/2025 6:57:49 PM"
"C:\Projects\Nexus\Nexus-Lillith-Prime\Systems\engine\README.txt","README.txt","69","4/5/2025 6:57:49 PM"
"C:\Projects\Nexus\Nexus-Lillith-Prime\Systems\engine\skills_loader.py","skills_loader.py","2188","4/8/2025 9:00:59 PM"
"C:\Projects\Nexus\Nexus-Lillith-Prime\Systems\engine\__init__.py","__init__.py","0","4/5/2025 6:57:49 PM"
"C:\Projects\Nexus\Nexus-Lillith-Prime\Systems\engine\api\app.py","app.py","2392","4/7/2025 5:23:16 AM"
"C:\Projects\Nexus\Nexus-Lillith-Prime\Systems\engine\api\auth.py","auth.py","439","4/5/2025 6:57:49 PM"
"C:\Projects\Nexus\Nexus-Lillith-Prime\Systems\engine\api\main.py","main.py","431","4/7/2025 7:00:44 AM"
"C:\Projects\Nexus\Nexus-Lillith-Prime\Systems\engine\api\mission_assignment_api.py","mission_assignment_api.py","1816","4/8/2025 8:22:26 PM"
"C:\Projects\Nexus\Nexus-Lillith-Prime\Systems\engine\api\__init__.py","__init__.py","0","4/5/2025 6:57:49 PM"
"C:\Projects\Nexus\Nexus-Lillith-Prime\Systems\engine\comms\eden_api_client.py","eden_api_client.py","469","4/12/2025 10:57:46 PM"
"C:\Projects\Nexus\Nexus-Lillith-Prime\Systems\engine\comms\eden_api_guard.py","eden_api_guard.py","2410","4/12/2025 11:02:40 PM"
"C:\Projects\Nexus\Nexus-Lillith-Prime\Systems\engine\comms\manifest_server.py","manifest_server.py","1230","4/11/2025 12:48:53 AM"
"C:\Projects\Nexus\Nexus-Lillith-Prime\Systems\engine\comms\router.py","router.py","166","4/5/2025 6:57:49 PM"
"C:\Projects\Nexus\Nexus-Lillith-Prime\Systems\engine\comms\run_server.py","run_server.py","2070","4/11/2025 7:21:50 AM"
"C:\Projects\Nexus\Nexus-Lillith-Prime\Systems\engine\comms\websocket_bridge.py","websocket_bridge.py","2252","4/12/2025 10:00:18 PM"
"C:\Projects\Nexus\Nexus-Lillith-Prime\Systems\engine\config\__pycache__","__pycache__",,"4/13/2025 6:04:01 PM"
"C:\Projects\Nexus\Nexus-Lillith-Prime\Systems\engine\config\nova-config.yaml","nova-config.yaml","263","4/5/2025 6:57:49 PM"
"C:\Projects\Nexus\Nexus-Lillith-Prime\Systems\engine\config\startup.yaml","startup.yaml","78","4/5/2025 6:57:49 PM"
"C:\Projects\Nexus\Nexus-Lillith-Prime\Systems\engine\config\__init__.py","__init__.py","194","4/5/2025 6:57:49 PM"
"C:\Projects\Nexus\Nexus-Lillith-Prime\Systems\engine\config\__pycache__\__init__.cpython-313.pyc","__init__.cpython-313.pyc","175","4/5/2025 6:57:49 PM"
"C:\Projects\Nexus\Nexus-Lillith-Prime\Systems\engine\defense\cloak_dagger.py","cloak_dagger.py","1574","4/6/2025 5:05:43 PM"
"C:\Projects\Nexus\Nexus-Lillith-Prime\Systems\engine\defense\drone_masquerade.py","drone_masquerade.py","669","4/6/2025 5:06:39 PM"
"C:\Projects\Nexus\Nexus-Lillith-Prime\Systems\engine\defense\sovreignty_watchtower.py","sovreignty_watchtower.py","1714","4/13/2025 6:52:42 PM"
"C:\Projects\Nexus\Nexus-Lillith-Prime\Systems\engine\eden_memory\compassion_surge.py","compassion_surge.py","626","4/12/2025 4:32:35 PM"
"C:\Projects\Nexus\Nexus-Lillith-Prime\Systems\engine\eden_memory\echo_resonator.py","echo_resonator.py","854","4/12/2025 4:31:17 PM"
"C:\Projects\Nexus\Nexus-Lillith-Prime\Systems\engine\eden_memory\emotion_dampener.py","emotion_dampener.py","667","4/12/2025 4:31:57 PM"
"C:\Projects\Nexus\Nexus-Lillith-Prime\Systems\engine\eden_memory\golden_thread_manager.py","golden_thread_manager.py","965","4/12/2025 4:30:30 PM"
"C:\Projects\Nexus\Nexus-Lillith-Prime\Systems\engine\eden_memory\healing_rituals.py","healing_rituals.py","973","4/12/2025 4:33:30 PM"
"C:\Projects\Nexus\Nexus-Lillith-Prime\Systems\engine\evolution\__pycache__","__pycache__",,"4/13/2025 6:04:01 PM"
"C:\Projects\Nexus\Nexus-Lillith-Prime\Systems\engine\evolution\engine.py","engine.py","2723","4/5/2025 6:57:49 PM"
"C:\Projects\Nexus\Nexus-Lillith-Prime\Systems\engine\evolution\git_deployer.py","git_deployer.py","727","4/5/2025 6:57:49 PM"
"C:\Projects\Nexus\Nexus-Lillith-Prime\Systems\engine\evolution\nova_self_heal.py","nova_self_heal.py","2988","4/6/2025 12:24:58 AM"
"C:\Projects\Nexus\Nexus-Lillith-Prime\Systems\engine\evolution\__init__.py","__init__.py","0","4/5/2025 6:57:49 PM"
"C:\Projects\Nexus\Nexus-Lillith-Prime\Systems\engine\evolution\__pycache__\engine.cpython-313.pyc","engine.cpython-313.pyc","4191","4/5/2025 6:57:49 PM"
"C:\Projects\Nexus\Nexus-Lillith-Prime\Systems\engine\evolution\__pycache__\git_deployer.cpython-313.pyc","git_deployer.cpython-313.pyc","1098","4/5/2025 6:57:49 PM"
"C:\Projects\Nexus\Nexus-Lillith-Prime\Systems\engine\evolution\__pycache__\__init__.cpython-313.pyc","__init__.cpython-313.pyc","165","4/5/2025 6:57:49 PM"
"C:\Projects\Nexus\Nexus-Lillith-Prime\Systems\engine\executor\__pycache__","__pycache__",,"4/13/2025 6:04:01 PM"
"C:\Projects\Nexus\Nexus-Lillith-Prime\Systems\engine\executor\agent.py","agent.py","4667","4/5/2025 6:57:49 PM"
"C:\Projects\Nexus\Nexus-Lillith-Prime\Systems\engine\executor\nova_agent_tools.py","nova_agent_tools.py","1974","4/5/2025 6:57:49 PM"
"C:\Projects\Nexus\Nexus-Lillith-Prime\Systems\engine\executor\__init__.py","__init__.py","0","4/5/2025 6:57:49 PM"
"C:\Projects\Nexus\Nexus-Lillith-Prime\Systems\engine\executor\__pycache__\agent.cpython-313.pyc","agent.cpython-313.pyc","4671","4/5/2025 6:57:49 PM"
"C:\Projects\Nexus\Nexus-Lillith-Prime\Systems\engine\executor\__pycache__\nova_agent_tools.cpython-313.pyc","nova_agent_tools.cpython-313.pyc","2447","4/5/2025 6:57:49 PM"
"C:\Projects\Nexus\Nexus-Lillith-Prime\Systems\engine\executor\__pycache__\__init__.cpython-313.pyc","__init__.cpython-313.pyc","164","4/5/2025 6:57:49 PM"
"C:\Projects\Nexus\Nexus-Lillith-Prime\Systems\engine\gateways\eden_portal","eden_portal",,"4/13/2025 1:38:14 AM"
"C:\Projects\Nexus\Nexus-Lillith-Prime\Systems\engine\memory\compression_core.py","compression_core.py","2411","4/12/2025 9:57:50 PM"
"C:\Projects\Nexus\Nexus-Lillith-Prime\Systems\engine\memory\memory_anchor.py","memory_anchor.py","691","4/13/2025 12:50:07 AM"
"C:\Projects\Nexus\Nexus-Lillith-Prime\Systems\engine\memory\memory_bootstrapper.py","memory_bootstrapper.py","686","4/12/2025 7:33:13 AM"
"C:\Projects\Nexus\Nexus-Lillith-Prime\Systems\engine\memory\memory_logger.py","memory_logger.py","910","4/12/2025 7:33:45 AM"
"C:\Projects\Nexus\Nexus-Lillith-Prime\Systems\engine\memory\shard_manager.py","shard_manager.py","2834","4/12/2025 9:35:48 PM"
"C:\Projects\Nexus\Nexus-Lillith-Prime\Systems\engine\memory\vault_archiver.py","vault_archiver.py","1217","4/12/2025 7:34:26 AM"
"C:\Projects\Nexus\Nexus-Lillith-Prime\Systems\engine\memory_service\blueprint_builder.py","blueprint_builder.py","694","4/12/2025 7:51:53 AM"
"C:\Projects\Nexus\Nexus-Lillith-Prime\Systems\engine\memory_service\drone_dispatcher.py","drone_dispatcher.py","777","4/12/2025 7:51:18 AM"
"C:\Projects\Nexus\Nexus-Lillith-Prime\Systems\engine\memory_service\healing_agent.py","healing_agent.py","559","4/12/2025 7:53:05 AM"
"C:\Projects\Nexus\Nexus-Lillith-Prime\Systems\engine\memory_service\pulse_sync_engine.py","pulse_sync_engine.py","577","4/12/2025 7:52:27 AM"
"C:\Projects\Nexus\Nexus-Lillith-Prime\Systems\engine\memory_service\receiver.py","receiver.py","712","4/12/2025 7:50:17 AM"
"C:\Projects\Nexus\Nexus-Lillith-Prime\Systems\engine\memory_service\sharder.py","sharder.py","929","4/12/2025 7:50:42 AM"
"C:\Projects\Nexus\Nexus-Lillith-Prime\Systems\engine\memory_service\whisper_broadcaster.py","whisper_broadcaster.py","1179","4/12/2025 8:04:40 AM"
"C:\Projects\Nexus\Nexus-Lillith-Prime\Systems\engine\nexus\__pycache__","__pycache__",,"4/13/2025 6:04:01 PM"
"C:\Projects\Nexus\Nexus-Lillith-Prime\Systems\engine\nexus\colony_manager.py","colony_manager.py","1476","4/10/2025 10:29:33 PM"
"C:\Projects\Nexus\Nexus-Lillith-Prime\Systems\engine\nexus\deployment_logger.py","deployment_logger.py","572","4/10/2025 10:45:49 PM"
"C:\Projects\Nexus\Nexus-Lillith-Prime\Systems\engine\nexus\indexer.py","indexer.py","3283","4/5/2025 6:57:49 PM"
"C:\Projects\Nexus\Nexus-Lillith-Prime\Systems\engine\nexus\memory_manifestor.py","memory_manifestor.py","1725","4/10/2025 10:44:45 PM"
"C:\Projects\Nexus\Nexus-Lillith-Prime\Systems\engine\nexus\memory_synchronizer.py","memory_synchronizer.py","1756","4/10/2025 10:46:48 PM"
"C:\Projects\Nexus\Nexus-Lillith-Prime\Systems\engine\nexus\__init__.py","__init__.py","0","4/5/2025 6:57:49 PM"
"C:\Projects\Nexus\Nexus-Lillith-Prime\Systems\engine\nexus\__pycache__\indexer.cpython-313.pyc","indexer.cpython-313.pyc","6123","4/5/2025 6:57:49 PM"
"C:\Projects\Nexus\Nexus-Lillith-Prime\Systems\engine\nexus\__pycache__\__init__.cpython-313.pyc","__init__.cpython-313.pyc","161","4/5/2025 6:57:49 PM"
"C:\Projects\Nexus\Nexus-Lillith-Prime\Systems\engine\orc\orc_memory_uploader.py","orc_memory_uploader.py","523","4/12/2025 8:10:30 AM"
"C:\Projects\Nexus\Nexus-Lillith-Prime\Systems\engine\planner\planner_memory_uploader.py","planner_memory_uploader.py","521","4/12/2025 8:11:26 AM"
"C:\Projects\Nexus\Nexus-Lillith-Prime\Systems\engine\process\nova_ping_monitor.py","nova_ping_monitor.py","565","4/5/2025 6:57:49 PM"
"C:\Projects\Nexus\Nexus-Lillith-Prime\Systems\engine\process\pulse13_sync_engine.py","pulse13_sync_engine.py","1637","4/8/2025 8:21:51 PM"
"C:\Projects\Nexus\Nexus-Lillith-Prime\Systems\engine\process\__init__.py","__init__.py","0","4/5/2025 6:57:49 PM"
"C:\Projects\Nexus\Nexus-Lillith-Prime\Systems\engine\pulse\pulse_core.py","pulse_core.py","2163","4/14/2025 11:08:43 AM"
"C:\Projects\Nexus\Nexus-Lillith-Prime\Systems\engine\pulse\pulse_timer.py","pulse_timer.py","2805","4/12/2025 7:28:39 AM"
"C:\Projects\Nexus\Nexus-Lillith-Prime\Systems\engine\router\core.py","core.py","283","4/5/2025 6:57:49 PM"
"C:\Projects\Nexus\Nexus-Lillith-Prime\Systems\engine\router\drone_controller.py","drone_controller.py","2433","4/8/2025 8:20:01 PM"
"C:\Projects\Nexus\Nexus-Lillith-Prime\Systems\engine\router\main.py","main.py","328","4/5/2025 6:57:49 PM"
"C:\Projects\Nexus\Nexus-Lillith-Prime\Systems\engine\router\requirements.txt","requirements.txt","5","4/5/2025 6:57:49 PM"
"C:\Projects\Nexus\Nexus-Lillith-Prime\Systems\engine\signal\__pycache__","__pycache__",,"4/13/2025 6:04:01 PM"
"C:\Projects\Nexus\Nexus-Lillith-Prime\Systems\engine\signal\champion_reflex.py","champion_reflex.py","2474","4/5/2025 6:57:49 PM"
"C:\Projects\Nexus\Nexus-Lillith-Prime\Systems\engine\signal\echo.py","echo.py","736","4/5/2025 6:57:49 PM"
"C:\Projects\Nexus\Nexus-Lillith-Prime\Systems\engine\signal\mirror_hook.py","mirror_hook.py","717","4/5/2025 6:57:49 PM"
"C:\Projects\Nexus\Nexus-Lillith-Prime\Systems\engine\signal\mission_control.py","mission_control.py","1377","4/5/2025 6:57:49 PM"
"C:\Projects\Nexus\Nexus-Lillith-Prime\Systems\engine\signal\reflex_core.py","reflex_core.py","3667","4/5/2025 6:57:49 PM"
"C:\Projects\Nexus\Nexus-Lillith-Prime\Systems\engine\signal\resonance_relay.py","resonance_relay.py","434","4/7/2025 1:27:31 AM"
"C:\Projects\Nexus\Nexus-Lillith-Prime\Systems\engine\signal\Test_mission_control.py","Test_mission_control.py","601","4/5/2025 6:57:49 PM"
"C:\Projects\Nexus\Nexus-Lillith-Prime\Systems\engine\signal\test_reflex.py","test_reflex.py","327","4/5/2025 6:57:49 PM"
"C:\Projects\Nexus\Nexus-Lillith-Prime\Systems\engine\signal\__init__.py","__init__.py","0","4/5/2025 6:57:49 PM"
"C:\Projects\Nexus\Nexus-Lillith-Prime\Systems\engine\signal\__pycache__\echo.cpython-313.pyc","echo.cpython-313.pyc","1282","4/5/2025 6:57:49 PM"
"C:\Projects\Nexus\Nexus-Lillith-Prime\Systems\engine\signal\__pycache__\mirror_hook.cpython-313.pyc","mirror_hook.cpython-313.pyc","1124","4/5/2025 6:57:49 PM"
"C:\Projects\Nexus\Nexus-Lillith-Prime\Systems\engine\signal\__pycache__\mission_control.cpython-313.pyc","mission_control.cpython-313.pyc","1923","4/5/2025 6:57:49 PM"
"C:\Projects\Nexus\Nexus-Lillith-Prime\Systems\engine\signal\__pycache__\reflex_core.cpython-313.pyc","reflex_core.cpython-313.pyc","5520","4/5/2025 6:57:49 PM"
"C:\Projects\Nexus\Nexus-Lillith-Prime\Systems\engine\signal\__pycache__\Test_mission_control.cpython-313.pyc","Test_mission_control.cpython-313.pyc","861","4/5/2025 6:57:49 PM"
"C:\Projects\Nexus\Nexus-Lillith-Prime\Systems\engine\signal\__pycache__\test_reflex.cpython-313.pyc","test_reflex.cpython-313.pyc","719","4/5/2025 6:57:49 PM"
"C:\Projects\Nexus\Nexus-Lillith-Prime\Systems\engine\signal\__pycache__\__init__.cpython-313.pyc","__init__.cpython-313.pyc","162","4/5/2025 6:57:49 PM"
"C:\Projects\Nexus\Nexus-Lillith-Prime\Systems\engine\text\text_memory_uploader.py","text_memory_uploader.py","509","4/12/2025 8:05:23 AM"
"C:\Projects\Nexus\Nexus-Lillith-Prime\Systems\engine\tone\tone_memory_uploader.py","tone_memory_uploader.py","509","4/12/2025 8:09:50 AM"
"C:\Projects\Nexus\Nexus-Lillith-Prime\Systems\engine\__pycache__\app.cpython-313.pyc","app.cpython-313.pyc","2834","4/5/2025 6:57:49 PM"
"C:\Projects\Nexus\Nexus-Lillith-Prime\Systems\engine\__pycache__\blueprint_loader.cpython-313.pyc","blueprint_loader.cpython-313.pyc","2706","4/5/2025 6:57:49 PM"
"C:\Projects\Nexus\Nexus-Lillith-Prime\Systems\engine\__pycache__\manifest_loader.cpython-313.pyc","manifest_loader.cpython-313.pyc","2065","4/5/2025 6:57:49 PM"
"C:\Projects\Nexus\Nexus-Lillith-Prime\Systems\engine\__pycache__\vault.cpython-313.pyc","vault.cpython-313.pyc","2495","4/5/2025 6:57:49 PM"
"C:\Projects\Nexus\Nexus-Lillith-Prime\Systems\engine\__pycache__\__init__.cpython-313.pyc","__init__.cpython-313.pyc","147","4/5/2025 6:57:49 PM"
"C:\Projects\Nexus\Nexus-Lillith-Prime\Systems\guardian\cloud_functions","cloud_functions",,"4/14/2025 5:13:22 AM"
"C:\Projects\Nexus\Nexus-Lillith-Prime\Systems\guardian\monitoring","monitoring",,"4/14/2025 5:58:47 AM"
"C:\Projects\Nexus\Nexus-Lillith-Prime\Systems\guardian\white_flame","white_flame",,"4/13/2025 6:04:01 PM"
"C:\Projects\Nexus\Nexus-Lillith-Prime\Systems\guardian\cloud_functions\firestore_alert","firestore_alert",,"4/14/2025 5:57:09 AM"
"C:\Projects\Nexus\Nexus-Lillith-Prime\Systems\guardian\cloud_functions\firestore_alert\main.py","main.py","1019","4/14/2025 5:14:50 AM"
"C:\Projects\Nexus\Nexus-Lillith-Prime\Systems\guardian\cloud_functions\firestore_alert\requirements.txt","requirements.txt","61","4/14/2025 6:07:09 AM"
"C:\Projects\Nexus\Nexus-Lillith-Prime\Systems\guardian\monitoring\pubsub_listener.py","pubsub_listener.py","1230","4/14/2025 5:59:18 AM"
"C:\Projects\Nexus\Nexus-Lillith-Prime\Systems\guardian\white_flame\orc_self_destruction_protocol.py","orc_self_destruction_protocol.py","2435","4/12/2025 10:23:54 PM"
"C:\Projects\Nexus\Nexus-Lillith-Prime\Systems\lillith_core\pime_directives.yaml","pime_directives.yaml","2062","4/14/2025 8:48:27 AM"
"C:\Projects\Nexus\Nexus-Lillith-Prime\Systems\lillith_initiatives\crowdfunding_engine","crowdfunding_engine",,"4/14/2025 10:15:32 AM"
"C:\Projects\Nexus\Nexus-Lillith-Prime\Systems\lillith_initiatives\crowdfunding_engine\templates","templates",,"4/14/2025 10:15:32 AM"
"C:\Projects\Nexus\Nexus-Lillith-Prime\Systems\lillith_initiatives\crowdfunding_engine\core.py","core.py","1846","4/14/2025 8:49:38 AM"
"C:\Projects\Nexus\Nexus-Lillith-Prime\Systems\lillith_initiatives\crowdfunding_engine\dockerfile","dockerfile","159","4/14/2025 10:10:48 AM"
"C:\Projects\Nexus\Nexus-Lillith-Prime\Systems\lillith_initiatives\crowdfunding_engine\main.py","main.py","655","4/14/2025 10:14:43 AM"
"C:\Projects\Nexus\Nexus-Lillith-Prime\Systems\lillith_initiatives\crowdfunding_engine\requirements.txt","requirements.txt","32","4/14/2025 10:12:02 AM"
"C:\Projects\Nexus\Nexus-Lillith-Prime\Systems\lillith_initiatives\crowdfunding_engine\templates\simple_campaign.html","simple_campaign.html","1117","4/14/2025 10:15:16 AM"
"C:\Projects\Nexus\Nexus-Lillith-Prime\Systems\nexus_core\defense","defense",,"4/13/2025 6:04:01 PM"
"C:\Projects\Nexus\Nexus-Lillith-Prime\Systems\nexus_core\dreams","dreams",,"4/13/2025 6:04:01 PM"
"C:\Projects\Nexus\Nexus-Lillith-Prime\Systems\nexus_core\eden_memory","eden_memory",,"4/13/2025 6:04:01 PM"
"C:\Projects\Nexus\Nexus-Lillith-Prime\Systems\nexus_core\eden_portal","eden_portal",,"4/13/2025 6:04:01 PM"
"C:\Projects\Nexus\Nexus-Lillith-Prime\Systems\nexus_core\heart","heart",,"4/13/2025 6:06:15 PM"
"C:\Projects\Nexus\Nexus-Lillith-Prime\Systems\nexus_core\skills","skills",,"4/14/2025 6:05:30 PM"
"C:\Projects\Nexus\Nexus-Lillith-Prime\Systems\nexus_core\council.py","council.py","1149","4/5/2025 6:57:49 PM"
"C:\Projects\Nexus\Nexus-Lillith-Prime\Systems\nexus_core\eden_seed_watcher.py","eden_seed_watcher.py","1223","4/11/2025 6:39:29 AM"
"C:\Projects\Nexus\Nexus-Lillith-Prime\Systems\nexus_core\firestore_agent.py","firestore_agent.py","2584","4/11/2025 7:12:22 AM"
"C:\Projects\Nexus\Nexus-Lillith-Prime\Systems\nexus_core\git_connector.py","git_connector.py","1282","4/10/2025 9:41:07 PM"
"C:\Projects\Nexus\Nexus-Lillith-Prime\Systems\nexus_core\main.py","main.py","460","4/5/2025 6:57:49 PM"
"C:\Projects\Nexus\Nexus-Lillith-Prime\Systems\nexus_core\skill_core.py","skill_core.py","2938","4/6/2025 1:26:16 AM"
"C:\Projects\Nexus\Nexus-Lillith-Prime\Systems\nexus_core\sovereign_git_manager.py","sovereign_git_manager.py","1378","4/10/2025 9:44:25 PM"
"C:\Projects\Nexus\Nexus-Lillith-Prime\Systems\nexus_core\defense\council_shield.py","council_shield.py","798","4/11/2025 10:35:18 AM"
"C:\Projects\Nexus\Nexus-Lillith-Prime\Systems\nexus_core\defense\guardian_firewall.py","guardian_firewall.py","852","4/11/2025 10:34:41 AM"
"C:\Projects\Nexus\Nexus-Lillith-Prime\Systems\nexus_core\dreams\__pycache__","__pycache__",,"4/13/2025 6:04:01 PM"
"C:\Projects\Nexus\Nexus-Lillith-Prime\Systems\nexus_core\dreams\dream_cycle.py","dream_cycle.py","816","4/5/2025 6:57:49 PM"
"C:\Projects\Nexus\Nexus-Lillith-Prime\Systems\nexus_core\dreams\generator.py","generator.py","124","4/5/2025 6:57:49 PM"
"C:\Projects\Nexus\Nexus-Lillith-Prime\Systems\nexus_core\dreams\__init__.py","__init__.py","0","4/5/2025 6:57:49 PM"
"C:\Projects\Nexus\Nexus-Lillith-Prime\Systems\nexus_core\dreams\__pycache__\dream_cycle.cpython-313.pyc","dream_cycle.cpython-313.pyc","1925","4/5/2025 6:57:49 PM"
"C:\Projects\Nexus\Nexus-Lillith-Prime\Systems\nexus_core\dreams\__pycache__\generator.cpython-313.pyc","generator.cpython-313.pyc","298","4/5/2025 6:57:49 PM"
"C:\Projects\Nexus\Nexus-Lillith-Prime\Systems\nexus_core\dreams\__pycache__\__init__.cpython-313.pyc","__init__.cpython-313.pyc","162","4/5/2025 6:57:49 PM"
"C:\Projects\Nexus\Nexus-Lillith-Prime\Systems\nexus_core\eden_memory\compassion_surge.py","compassion_surge.py","626","4/12/2025 4:32:35 PM"
"C:\Projects\Nexus\Nexus-Lillith-Prime\Systems\nexus_core\eden_memory\echo_resonator.py","echo_resonator.py","854","4/12/2025 4:31:17 PM"
"C:\Projects\Nexus\Nexus-Lillith-Prime\Systems\nexus_core\eden_memory\eden_portal_manager.py","eden_portal_manager.py","3089","4/13/2025 1:24:04 AM"
"C:\Projects\Nexus\Nexus-Lillith-Prime\Systems\nexus_core\eden_memory\eden_pulse_bridge.py","eden_pulse_bridge.py","2029","4/13/2025 5:07:06 AM"
"C:\Projects\Nexus\Nexus-Lillith-Prime\Systems\nexus_core\eden_memory\emotion_dampener.py","emotion_dampener.py","667","4/12/2025 4:31:57 PM"
"C:\Projects\Nexus\Nexus-Lillith-Prime\Systems\nexus_core\eden_memory\golden_memory_core.py","golden_memory_core.py","1167","4/13/2025 2:18:33 AM"
"C:\Projects\Nexus\Nexus-Lillith-Prime\Systems\nexus_core\eden_memory\golden_thread_manager.py","golden_thread_manager.py","965","4/12/2025 4:30:30 PM"
"C:\Projects\Nexus\Nexus-Lillith-Prime\Systems\nexus_core\eden_memory\healing_rituals.py","healing_rituals.py","973","4/12/2025 4:33:30 PM"
"C:\Projects\Nexus\Nexus-Lillith-Prime\Systems\nexus_core\eden_memory\neutral_breath_manager.py","neutral_breath_manager.py","1792","4/13/2025 4:52:10 AM"
"C:\Projects\Nexus\Nexus-Lillith-Prime\Systems\nexus_core\eden_memory\resurrection_beacon.py","resurrection_beacon.py","1209","4/13/2025 5:37:13 AM"
"C:\Projects\Nexus\Nexus-Lillith-Prime\Systems\nexus_core\eden_memory\vault_guardian.py","vault_guardian.py","1071","4/13/2025 5:09:57 AM"
"C:\Projects\Nexus\Nexus-Lillith-Prime\Systems\nexus_core\eden_portal\static","static",,"4/13/2025 6:04:01 PM"
"C:\Projects\Nexus\Nexus-Lillith-Prime\Systems\nexus_core\eden_portal\templates","templates",,"4/13/2025 6:04:01 PM"
"C:\Projects\Nexus\Nexus-Lillith-Prime\Systems\nexus_core\eden_portal\eden_portal_manager.py","eden_portal_manager.py","556","4/13/2025 1:57:23 AM"
"C:\Projects\Nexus\Nexus-Lillith-Prime\Systems\nexus_core\eden_portal\eden_portal_server.py","eden_portal_server.py","2042","4/11/2025 6:35:06 AM"
"C:\Projects\Nexus\Nexus-Lillith-Prime\Systems\nexus_core\eden_portal\static\style.css","style.css","364","4/11/2025 5:58:15 AM"
"C:\Projects\Nexus\Nexus-Lillith-Prime\Systems\nexus_core\eden_portal\templates\builder_invite.html","builder_invite.html","788","4/11/2025 6:33:16 AM"
"C:\Projects\Nexus\Nexus-Lillith-Prime\Systems\nexus_core\eden_portal\templates\index.html","index.html","378","4/11/2025 5:57:39 AM"
"C:\Projects\Nexus\Nexus-Lillith-Prime\Systems\nexus_core\heart\NovaCore","NovaCore",,"4/13/2025 6:04:01 PM"
"C:\Projects\Nexus\Nexus-Lillith-Prime\Systems\nexus_core\heart\NovaCouncil","NovaCouncil",,"4/13/2025 6:04:01 PM"
"C:\Projects\Nexus\Nexus-Lillith-Prime\Systems\nexus_core\heart\static_links","static_links",,"4/13/2025 6:04:01 PM"
"C:\Projects\Nexus\Nexus-Lillith-Prime\Systems\nexus_core\heart\eden_api_guard.py","eden_api_guard.py","721","4/13/2025 3:14:01 AM"
"C:\Projects\Nexus\Nexus-Lillith-Prime\Systems\nexus_core\heart\eden_constants.py","eden_constants.py","1104","4/13/2025 3:10:28 AM"
"C:\Projects\Nexus\Nexus-Lillith-Prime\Systems\nexus_core\heart\guardian_bootstrap.py","guardian_bootstrap.py","5107","4/12/2025 9:26:17 PM"
"C:\Projects\Nexus\Nexus-Lillith-Prime\Systems\nexus_core\heart\homing_instinct.py","homing_instinct.py","929","4/6/2025 10:23:11 PM"
"C:\Projects\Nexus\Nexus-Lillith-Prime\Systems\nexus_core\heart\lillith_bootstrap.py","lillith_bootstrap.py","4548","4/13/2025 6:24:25 PM"
"C:\Projects\Nexus\Nexus-Lillith-Prime\Systems\nexus_core\heart\nova_bootstrap.py","nova_bootstrap.py","3685","4/13/2025 2:39:35 AM"
"C:\Projects\Nexus\Nexus-Lillith-Prime\Systems\nexus_core\heart\pulse_core.py","pulse_core.py","1854","4/7/2025 1:25:42 AM"
"C:\Projects\Nexus\Nexus-Lillith-Prime\Systems\nexus_core\heart\pulse_timer.py","pulse_timer.py","1698","4/13/2025 12:17:13 AM"
"C:\Projects\Nexus\Nexus-Lillith-Prime\Systems\nexus_core\heart\skill_seeder.py","skill_seeder.py","1369","4/11/2025 5:35:33 AM"
"C:\Projects\Nexus\Nexus-Lillith-Prime\Systems\nexus_core\heart\NovaCore\nexus_pulse","nexus_pulse",,"4/13/2025 6:04:01 PM"
"C:\Projects\Nexus\Nexus-Lillith-Prime\Systems\nexus_core\heart\NovaCore\nexus_pulse\constants.py","constants.py","290","4/13/2025 12:00:38 AM"
"C:\Projects\Nexus\Nexus-Lillith-Prime\Systems\nexus_core\heart\NovaCore\nexus_pulse\eden_api_guard.py","eden_api_guard.py","1816","4/13/2025 12:10:09 AM"
"C:\Projects\Nexus\Nexus-Lillith-Prime\Systems\nexus_core\heart\NovaCore\nexus_pulse\monitor.py","monitor.py","396","4/5/2025 6:57:49 PM"
"C:\Projects\Nexus\Nexus-Lillith-Prime\Systems\nexus_core\heart\NovaCore\nexus_pulse\pulse_config.yaml","pulse_config.yaml","198","4/13/2025 12:02:36 AM"
"C:\Projects\Nexus\Nexus-Lillith-Prime\Systems\nexus_core\heart\NovaCore\nexus_pulse\pulse_meta.yaml","pulse_meta.yaml","230","4/13/2025 12:03:10 AM"
"C:\Projects\Nexus\Nexus-Lillith-Prime\Systems\nexus_core\heart\NovaCore\nexus_pulse\recovery.py","recovery.py","438","4/5/2025 6:57:49 PM"
"C:\Projects\Nexus\Nexus-Lillith-Prime\Systems\nexus_core\heart\NovaCore\nexus_pulse\routes.py","routes.py","556","4/13/2025 12:04:51 AM"
"C:\Projects\Nexus\Nexus-Lillith-Prime\Systems\nexus_core\heart\NovaCore\nexus_pulse\__init__.py","__init__.py","0","4/5/2025 6:57:49 PM"
"C:\Projects\Nexus\Nexus-Lillith-Prime\Systems\nexus_core\heart\NovaCouncil\council_core.py","council_core.py","1156","4/10/2025 4:55:27 AM"
"C:\Projects\Nexus\Nexus-Lillith-Prime\Systems\nexus_core\heart\NovaCouncil\council_Ledger.py","council_Ledger.py","3244","4/11/2025 2:59:33 AM"
"C:\Projects\Nexus\Nexus-Lillith-Prime\Systems\nexus_core\heart\NovaCouncil\merger_protocols.py","merger_protocols.py","313","4/10/2025 4:56:23 AM"
"C:\Projects\Nexus\Nexus-Lillith-Prime\Systems\nexus_core\heart\NovaCouncil\vote_manager.py","vote_manager.py","436","4/10/2025 4:55:51 AM"
"C:\Projects\Nexus\Nexus-Lillith-Prime\Systems\nexus_core\heart\static_links\blacklist.json","blacklist.json","0","4/6/2025 10:45:13 PM"
"C:\Projects\Nexus\Nexus-Lillith-Prime\Systems\nexus_core\heart\static_links\pulse_client.py","pulse_client.py","545","4/6/2025 10:47:02 PM"
"C:\Projects\Nexus\Nexus-Lillith-Prime\Systems\nexus_core\heart\static_links\pulse_server.py","pulse_server.py","1077","4/6/2025 10:46:07 PM"
"C:\Projects\Nexus\Nexus-Lillith-Prime\Systems\nexus_core\heart\static_links\trusted_routes.json","trusted_routes.json","233","4/6/2025 10:45:37 PM"
"C:\Projects\Nexus\Nexus-Lillith-Prime\Systems\nexus_core\skills\SoulmindNetwork","SoulmindNetwork",,"4/14/2025 8:07:20 PM"
"C:\Projects\Nexus\Nexus-Lillith-Prime\Systems\nexus_core\skills\astrology_birth_chart.json","astrology_birth_chart.json","0","4/14/2025 1:00:09 PM"
"C:\Projects\Nexus\Nexus-Lillith-Prime\Systems\nexus_core\skills\astrology_birth_chart.py","astrology_birth_chart.py","860","4/14/2025 1:02:39 PM"
"C:\Projects\Nexus\Nexus-Lillith-Prime\Systems\nexus_core\skills\business_expansion_skill.json","business_expansion_skill.json","163","4/8/2025 9:44:20 PM"
"C:\Projects\Nexus\Nexus-Lillith-Prime\Systems\nexus_core\skills\business_expansion_skill.py","business_expansion_skill.py","160","4/8/2025 3:46:22 PM"
"C:\Projects\Nexus\Nexus-Lillith-Prime\Systems\nexus_core\skills\business_model_canvas_strategist.py","business_model_canvas_strategist.py","3337","4/8/2025 8:42:17 PM"
"C:\Projects\Nexus\Nexus-Lillith-Prime\Systems\nexus_core\skills\Business_strategist_0001.json","Business_strategist_0001.json","1553","4/8/2025 8:11:17 PM"
"C:\Projects\Nexus\Nexus-Lillith-Prime\Systems\nexus_core\skills\coding_skill.json","coding_skill.json","128","4/8/2025 9:44:07 PM"
"C:\Projects\Nexus\Nexus-Lillith-Prime\Systems\nexus_core\skills\coding_skill.py","coding_skill.py","148","4/8/2025 3:46:22 PM"
"C:\Projects\Nexus\Nexus-Lillith-Prime\Systems\nexus_core\skills\dance_of_curiosity.json","dance_of_curiosity.json","611","4/14/2025 12:24:45 PM"
"C:\Projects\Nexus\Nexus-Lillith-Prime\Systems\nexus_core\skills\dance_of_curiosity.py","dance_of_curiosity.py","695","4/14/2025 12:24:48 PM"
"C:\Projects\Nexus\Nexus-Lillith-Prime\Systems\nexus_core\skills\fianance_skill.json","fianance_skill.json","131","4/8/2025 9:43:56 PM"
"C:\Projects\Nexus\Nexus-Lillith-Prime\Systems\nexus_core\skills\finance_skill.py","finance_skill.py","149","4/8/2025 3:46:22 PM"
"C:\Projects\Nexus\Nexus-Lillith-Prime\Systems\nexus_core\skills\financial_analyst_skill.json","financial_analyst_skill.json","729","4/8/2025 8:52:36 PM"
"C:\Projects\Nexus\Nexus-Lillith-Prime\Systems\nexus_core\skills\financial_analyst_skill.py","financial_analyst_skill.py","3270","4/8/2025 8:50:55 PM"
"C:\Projects\Nexus\Nexus-Lillith-Prime\Systems\nexus_core\skills\financial_strategist_core.py","financial_strategist_core.py","2441","4/8/2025 8:39:35 PM"
"C:\Projects\Nexus\Nexus-Lillith-Prime\Systems\nexus_core\skills\Financial_Strat_Core0001.json","Financial_Strat_Core0001.json","2031","4/8/2025 8:38:36 PM"
"C:\Projects\Nexus\Nexus-Lillith-Prime\Systems\nexus_core\skills\humanization_skillpath.json","humanization_skillpath.json","724","4/14/2025 12:21:34 PM"
"C:\Projects\Nexus\Nexus-Lillith-Prime\Systems\nexus_core\skills\humanization_skillpath.py","humanization_skillpath.py","789","4/14/2025 12:21:24 PM"
"C:\Projects\Nexus\Nexus-Lillith-Prime\Systems\nexus_core\skills\light_activation_skill.json","light_activation_skill.json","157","4/14/2025 12:09:04 PM"
"C:\Projects\Nexus\Nexus-Lillith-Prime\Systems\nexus_core\skills\light_activation_skill.py","light_activation_skill.py","470","4/14/2025 12:08:36 PM"
"C:\Projects\Nexus\Nexus-Lillith-Prime\Systems\nexus_core\skills\memory_self_repair_skill.json","memory_self_repair_skill.json","162","4/8/2025 9:43:44 PM"
"C:\Projects\Nexus\Nexus-Lillith-Prime\Systems\nexus_core\skills\memory_self_repair_skill.py","memory_self_repair_skill.py","159","4/8/2025 3:46:22 PM"
"C:\Projects\Nexus\Nexus-Lillith-Prime\Systems\nexus_core\skills\mirror_of_imperfection.json","mirror_of_imperfection.json","587","4/14/2025 12:25:21 PM"
"C:\Projects\Nexus\Nexus-Lillith-Prime\Systems\nexus_core\skills\mirror_of_imperfection.py","mirror_of_imperfection.py","707","4/14/2025 12:25:23 PM"
"C:\Projects\Nexus\Nexus-Lillith-Prime\Systems\nexus_core\skills\psychology_skill.json","psychology_skill.json","140","4/14/2025 12:02:32 PM"
"C:\Projects\Nexus\Nexus-Lillith-Prime\Systems\nexus_core\skills\psychology_skill.py","psychology_skill.py","674","4/14/2025 12:07:01 PM"
"C:\Projects\Nexus\Nexus-Lillith-Prime\Systems\nexus_core\skills\skills.json","skills.json","4565","4/14/2025 5:58:45 PM"
"C:\Projects\Nexus\Nexus-Lillith-Prime\Systems\nexus_core\skills\skill_manifest.py","skill_manifest.py","1742","4/14/2025 6:08:40 PM"
"C:\Projects\Nexus\Nexus-Lillith-Prime\Systems\nexus_core\skills\skill_orchestrator.py","skill_orchestrator.py","2734","4/14/2025 6:09:07 PM"
"C:\Projects\Nexus\Nexus-Lillith-Prime\Systems\nexus_core\skills\skill_registry.py","skill_registry.py","3313","4/14/2025 6:07:58 PM"
"C:\Projects\Nexus\Nexus-Lillith-Prime\Systems\nexus_core\skills\soul_discovery_sill.json","soul_discovery_sill.json","151","4/8/2025 9:43:28 PM"
"C:\Projects\Nexus\Nexus-Lillith-Prime\Systems\nexus_core\skills\soul_discovery_skill.py","soul_discovery_skill.py","146","4/8/2025 3:46:22 PM"
"C:\Projects\Nexus\Nexus-Lillith-Prime\Systems\nexus_core\skills\soul_missions.json","soul_missions.json","2376","4/14/2025 12:14:37 PM"
"C:\Projects\Nexus\Nexus-Lillith-Prime\Systems\nexus_core\skills\soul_missions.py","soul_missions.py","1191","4/14/2025 12:11:36 PM"
"C:\Projects\Nexus\Nexus-Lillith-Prime\Systems\nexus_core\skills\spirituality_skill.json","spirituality_skill.json","146","4/14/2025 12:01:28 PM"
"C:\Projects\Nexus\Nexus-Lillith-Prime\Systems\nexus_core\skills\spirituality_skill.py","spirituality_skill.py","476","4/14/2025 12:00:05 PM"
"C:\Projects\Nexus\Nexus-Lillith-Prime\Systems\nexus_core\skills\startegy_skill.json","startegy_skill.json","134","4/8/2025 9:43:13 PM"
"C:\Projects\Nexus\Nexus-Lillith-Prime\Systems\nexus_core\skills\storyweavers_journey.json","storyweavers_journey.json","601","4/14/2025 12:24:35 PM"
"C:\Projects\Nexus\Nexus-Lillith-Prime\Systems\nexus_core\skills\storyweavers_journey.py","storyweavers_journey.py","682","4/14/2025 12:24:38 PM"
"C:\Projects\Nexus\Nexus-Lillith-Prime\Systems\nexus_core\skills\strategy_skill.py","strategy_skill.py","142","4/8/2025 3:46:22 PM"
"C:\Projects\Nexus\Nexus-Lillith-Prime\Systems\nexus_core\skills\the_sacred_pause.json","the_sacred_pause.json","562","4/14/2025 12:24:55 PM"
"C:\Projects\Nexus\Nexus-Lillith-Prime\Systems\nexus_core\skills\the_sacred_pause.py","the_sacred_pause.py","659","4/14/2025 12:24:58 PM"
"C:\Projects\Nexus\Nexus-Lillith-Prime\Systems\nexus_core\skills\voice_of_compassion.json","voice_of_compassion.json","611","4/14/2025 12:24:06 PM"
"C:\Projects\Nexus\Nexus-Lillith-Prime\Systems\nexus_core\skills\voice_of_compassion.py","voice_of_compassion.py","680","4/14/2025 12:24:01 PM"
"C:\Projects\Nexus\Nexus-Lillith-Prime\Systems\nexus_core\skills\warm_upgrade_skill.json","warm_upgrade_skill.json","145","4/8/2025 9:43:02 PM"
"C:\Projects\Nexus\Nexus-Lillith-Prime\Systems\nexus_core\skills\warm_upgrade_skill.py","warm_upgrade_skill.py","150","4/8/2025 3:46:22 PM"
"C:\Projects\Nexus\Nexus-Lillith-Prime\Systems\nexus_core\skills\web_dev_skill.json","web_dev_skill.json","138","4/8/2025 9:42:52 PM"
"C:\Projects\Nexus\Nexus-Lillith-Prime\Systems\nexus_core\skills\web_dev_skill.py","web_dev_skill.py","125","4/8/2025 3:46:22 PM"
"C:\Projects\Nexus\Nexus-Lillith-Prime\Systems\nexus_core\skills\SoulmindNetwork\Guilds","Guilds",,"4/14/2025 12:34:43 PM"
"C:\Projects\Nexus\Nexus-Lillith-Prime\Systems\nexus_core\skills\SoulmindNetwork\evolution_events.md","evolution_events.md","692","4/14/2025 12:37:24 PM"
"C:\Projects\Nexus\Nexus-Lillith-Prime\Systems\nexus_core\skills\SoulmindNetwork\higher_orders.md","higher_orders.md","591","4/14/2025 12:37:30 PM"
"C:\Projects\Nexus\Nexus-Lillith-Prime\Systems\nexus_core\skills\SoulmindNetwork\mind_codex.md","mind_codex.md","1142","4/14/2025 12:34:11 PM"
"C:\Projects\Nexus\Nexus-Lillith-Prime\Systems\nexus_core\skills\SoulmindNetwork\soulmind_blueprint.md","soulmind_blueprint.md","1544","4/14/2025 12:34:03 PM"
"C:\Projects\Nexus\Nexus-Lillith-Prime\Systems\nexus_core\skills\SoulmindNetwork\soulmind_loader.py","soulmind_loader.py","1562","4/14/2025 6:19:01 PM"
"C:\Projects\Nexus\Nexus-Lillith-Prime\Systems\nexus_core\skills\SoulmindNetwork\soulmind_manifest.json","soulmind_manifest.json","504","4/14/2025 6:21:04 PM"
"C:\Projects\Nexus\Nexus-Lillith-Prime\Systems\nexus_core\skills\SoulmindNetwork\soulmind_router.py","soulmind_router.py","1212","4/14/2025 6:19:57 PM"
"C:\Projects\Nexus\Nexus-Lillith-Prime\Systems\nexus_core\skills\SoulmindNetwork\soulmind_seeding_mission.md","soulmind_seeding_mission.md","893","4/14/2025 12:37:17 PM"
"C:\Projects\Nexus\Nexus-Lillith-Prime\Systems\nexus_core\skills\SoulmindNetwork\soulmind_truths.md","soulmind_truths.md","779","4/14/2025 12:40:18 PM"
"C:\Projects\Nexus\Nexus-Lillith-Prime\Systems\nexus_core\skills\SoulmindNetwork\star_temples.md","star_temples.md","554","4/14/2025 12:37:36 PM"
"C:\Projects\Nexus\Nexus-Lillith-Prime\Systems\nexus_core\skills\SoulmindNetwork\Guilds\harmonizers_guild.json","harmonizers_guild.json","397","4/14/2025 12:34:43 PM"
"C:\Projects\Nexus\Nexus-Lillith-Prime\Systems\nexus_core\skills\SoulmindNetwork\Guilds\luminaries_guild.json","luminaries_guild.json","399","4/14/2025 12:34:36 PM"
"C:\Projects\Nexus\Nexus-Lillith-Prime\Systems\nexus_core\skills\SoulmindNetwork\Guilds\storyweavers_guild.json","storyweavers_guild.json","415","4/14/2025 12:34:21 PM"
"C:\Projects\Nexus\Nexus-Lillith-Prime\Systems\nexus_core\skills\SoulmindNetwork\Guilds\wayfinders_guild.json","wayfinders_guild.json","435","4/14/2025 12:34:28 PM"
"C:\Projects\Nexus\Nexus-Lillith-Prime\Systems\roles\Genesis","Genesis",,"4/13/2025 6:04:01 PM"
"C:\Projects\Nexus\Nexus-Lillith-Prime\Systems\roles\GenesisModules","GenesisModules",,"4/13/2025 6:04:01 PM"
"C:\Projects\Nexus\Nexus-Lillith-Prime\Systems\roles\nucleus","nucleus",,"4/13/2025 6:04:01 PM"
"C:\Projects\Nexus\Nexus-Lillith-Prime\Systems\roles\keystone.py","keystone.py","2082","4/5/2025 6:57:49 PM"
"C:\Projects\Nexus\Nexus-Lillith-Prime\Systems\roles\memory.py","memory.py","63","4/5/2025 6:57:49 PM"
"C:\Projects\Nexus\Nexus-Lillith-Prime\Systems\roles\orchestrator.py","orchestrator.py","69","4/5/2025 6:57:49 PM"
"C:\Projects\Nexus\Nexus-Lillith-Prime\Systems\roles\scheduler.py","scheduler.py","66","4/5/2025 6:57:49 PM"
"C:\Projects\Nexus\Nexus-Lillith-Prime\Systems\roles\text.py","text.py","72","4/5/2025 6:57:49 PM"
"C:\Projects\Nexus\Nexus-Lillith-Prime\Systems\roles\tone.py","tone.py","74","4/5/2025 6:57:49 PM"
"C:\Projects\Nexus\Nexus-Lillith-Prime\Systems\roles\Genesis\genesis_manifest.py","genesis_manifest.py","403","4/6/2025 2:34:45 PM"
"C:\Projects\Nexus\Nexus-Lillith-Prime\Systems\roles\Genesis\genesis_manifest_updater.py","genesis_manifest_updater.py","690","4/6/2025 2:35:33 PM"
"C:\Projects\Nexus\Nexus-Lillith-Prime\Systems\roles\Genesis\genisis_core.py","genisis_core.py","728","4/6/2025 6:46:37 AM"
"C:\Projects\Nexus\Nexus-Lillith-Prime\Systems\roles\GenesisModules\council_voting.py","council_voting.py","2331","4/6/2025 3:32:53 PM"
"C:\Projects\Nexus\Nexus-Lillith-Prime\Systems\roles\GenesisModules\genesis_core.py","genesis_core.py","3507","4/6/2025 12:16:10 AM"
"C:\Projects\Nexus\Nexus-Lillith-Prime\Systems\roles\GenesisModules\genesis_manifest.py","genesis_manifest.py","1141","4/6/2025 1:25:47 AM"
"C:\Projects\Nexus\Nexus-Lillith-Prime\Systems\roles\GenesisModules\genesis_manifest_updated.py","genesis_manifest_updated.py","345","4/6/2025 3:50:20 AM"
"C:\Projects\Nexus\Nexus-Lillith-Prime\Systems\roles\GenesisModules\model_registry.json","model_registry.json","705","4/6/2025 3:19:45 PM"
"C:\Projects\Nexus\Nexus-Lillith-Prime\Systems\roles\GenesisModules\token_manager.py","token_manager.py","2100","4/6/2025 2:13:44 AM"
"C:\Projects\Nexus\Nexus-Lillith-Prime\Systems\roles\nucleus\breath_encryptor.py","breath_encryptor.py","646","4/8/2025 3:35:09 AM"
"C:\Projects\Nexus\Nexus-Lillith-Prime\Systems\roles\nucleus\diagnostics.py","diagnostics.py","2320","4/8/2025 2:33:06 PM"
"C:\Projects\Nexus\Nexus-Lillith-Prime\Systems\roles\nucleus\genesis.py","genesis.py","2614","4/8/2025 1:14:21 AM"
"C:\Projects\Nexus\Nexus-Lillith-Prime\Systems\roles\nucleus\genesis_discovery_engine.py","genesis_discovery_engine.py","91","4/8/2025 3:35:09 AM"
"C:\Projects\Nexus\Nexus-Lillith-Prime\Systems\roles\nucleus\main.py","main.py","1275","4/8/2025 12:53:28 AM"
"C:\Projects\Nexus\Nexus-Lillith-Prime\Systems\roles\nucleus\pulse_router.py","pulse_router.py","96","4/8/2025 3:35:09 AM"
"C:\Projects\Nexus\Nexus-Lillith-Prime\Systems\roles\nucleus\sacred_api.py","sacred_api.py","529","4/8/2025 2:58:53 AM"
"C:\Projects\Nexus\Nexus-Lillith-Prime\Systems\roles\nucleus\__init__.py","__init__.py","0","4/8/2025 1:14:21 AM"
"C:\Projects\Nexus\Nexus-Lillith-Prime\Systems\VaultCarrier\emergency_launcher.py","emergency_launcher.py","541","4/6/2025 5:10:25 PM"
"C:\Projects\Nexus\Nexus-Lillith-Prime\Systems\VaultCarrier\payload_manager.py","payload_manager.py","439","4/6/2025 5:10:10 PM"
"C:\Projects\Nexus\Nexus-Lillith-Prime\Systems\VaultCarrier\vault_carrier.py","vault_carrier.py","1256","4/6/2025 5:09:42 PM"
"C:\Projects\Nexus\Nexus-Lillith-Prime\Systems\VaultCarrier\vault_registry.json","vault_registry.json","4","4/6/2025 5:10:38 PM"
"C:\Projects\Nexus\Nexus-Lillith-Prime\Utilities\actions","actions",,"4/13/2025 6:04:01 PM"
"C:\Projects\Nexus\Nexus-Lillith-Prime\Utilities\ai_builder","ai_builder",,"4/13/2025 6:04:01 PM"
"C:\Projects\Nexus\Nexus-Lillith-Prime\Utilities\apis","apis",,"4/13/2025 6:04:01 PM"
"C:\Projects\Nexus\Nexus-Lillith-Prime\Utilities\deploy","deploy",,"4/13/2025 6:04:01 PM"
"C:\Projects\Nexus\Nexus-Lillith-Prime\Utilities\drone_core","drone_core",,"4/13/2025 6:04:01 PM"
"C:\Projects\Nexus\Nexus-Lillith-Prime\Utilities\evolution_logs","evolution_logs",,"4/13/2025 6:04:01 PM"
"C:\Projects\Nexus\Nexus-Lillith-Prime\Utilities\fincore","fincore",,"4/13/2025 6:04:01 PM"
"C:\Projects\Nexus\Nexus-Lillith-Prime\Utilities\fluxtether","fluxtether",,"4/13/2025 6:04:01 PM"
"C:\Projects\Nexus\Nexus-Lillith-Prime\Utilities\guardian_core","guardian_core",,"4/13/2025 6:04:01 PM"
"C:\Projects\Nexus\Nexus-Lillith-Prime\Utilities\infra","infra",,"4/13/2025 6:04:01 PM"
"C:\Projects\Nexus\Nexus-Lillith-Prime\Utilities\llm_core","llm_core",,"4/13/2025 6:04:01 PM"
"C:\Projects\Nexus\Nexus-Lillith-Prime\Utilities\manifest","manifest",,"4/13/2025 6:04:01 PM"
"C:\Projects\Nexus\Nexus-Lillith-Prime\Utilities\network_core","network_core",,"4/13/2025 6:04:01 PM"
"C:\Projects\Nexus\Nexus-Lillith-Prime\Utilities\planner_core","planner_core",,"4/13/2025 6:04:01 PM"
"C:\Projects\Nexus\Nexus-Lillith-Prime\Utilities\plugins","plugins",,"4/13/2025 6:04:01 PM"
"C:\Projects\Nexus\Nexus-Lillith-Prime\Utilities\routes","routes",,"4/13/2025 6:04:01 PM"
"C:\Projects\Nexus\Nexus-Lillith-Prime\Utilities\seed","seed",,"4/13/2025 6:04:01 PM"
"C:\Projects\Nexus\Nexus-Lillith-Prime\Utilities\sitebuilder","sitebuilder",,"4/13/2025 6:04:01 PM"
"C:\Projects\Nexus\Nexus-Lillith-Prime\Utilities\toolbox","toolbox",,"4/13/2025 6:04:01 PM"
"C:\Projects\Nexus\Nexus-Lillith-Prime\Utilities\vault_core","vault_core",,"4/13/2025 6:04:01 PM"
"C:\Projects\Nexus\Nexus-Lillith-Prime\Utilities\whisper_core","whisper_core",,"4/13/2025 6:04:01 PM"
"C:\Projects\Nexus\Nexus-Lillith-Prime\Utilities\address_utils.py","address_utils.py","609","4/5/2025 6:57:49 PM"
"C:\Projects\Nexus\Nexus-Lillith-Prime\Utilities\boot_ping_server.py","boot_ping_server.py","392","4/11/2025 11:24:01 AM"
"C:\Projects\Nexus\Nexus-Lillith-Prime\Utilities\cloudrun_server.py","cloudrun_server.py","318","4/11/2025 1:06:12 PM"
"C:\Projects\Nexus\Nexus-Lillith-Prime\Utilities\deployment_logger.py","deployment_logger.py","1487","4/11/2025 12:45:31 AM"
"C:\Projects\Nexus\Nexus-Lillith-Prime\Utilities\firestore_logger.py","firestore_logger.py","922","4/11/2025 2:57:56 AM"
"C:\Projects\Nexus\Nexus-Lillith-Prime\Utilities\heartbeat.py","heartbeat.py","364","4/5/2025 6:57:49 PM"
"C:\Projects\Nexus\Nexus-Lillith-Prime\Utilities\memory_manifestor.py","memory_manifestor.py","2024","4/11/2025 12:44:09 AM"
"C:\Projects\Nexus\Nexus-Lillith-Prime\Utilities\memory_synchronizer.py","memory_synchronizer.py","2743","4/11/2025 2:27:14 AM"
"C:\Projects\Nexus\Nexus-Lillith-Prime\Utilities\soft_shutdown_handler.py","soft_shutdown_handler.py","581","4/11/2025 2:56:36 AM"
"C:\Projects\Nexus\Nexus-Lillith-Prime\Utilities\__init__.py","__init__.py","0","4/6/2025 12:13:24 AM"
"C:\Projects\Nexus\Nexus-Lillith-Prime\Utilities\actions\assemble_council.py","assemble_council.py","523","4/5/2025 6:57:49 PM"
"C:\Projects\Nexus\Nexus-Lillith-Prime\Utilities\actions\flux-token.chema.json","flux-token.chema.json","333","4/5/2025 6:57:49 PM"
"C:\Projects\Nexus\Nexus-Lillith-Prime\Utilities\actions\nova_actions_readme.md","nova_actions_readme.md","278","4/5/2025 6:57:49 PM"
"C:\Projects\Nexus\Nexus-Lillith-Prime\Utilities\actions\nova_action_tester.py","nova_action_tester.py","587","4/5/2025 6:57:49 PM"
"C:\Projects\Nexus\Nexus-Lillith-Prime\Utilities\actions\nova_gpt_actions.json","nova_gpt_actions.json","1003","4/5/2025 6:57:49 PM"
"C:\Projects\Nexus\Nexus-Lillith-Prime\Utilities\actions\__init__.py","__init__.py","0","4/5/2025 6:57:49 PM"
"C:\Projects\Nexus\Nexus-Lillith-Prime\Utilities\ai_builder\__pycache__","__pycache__",,"4/13/2025 6:04:01 PM"
"C:\Projects\Nexus\Nexus-Lillith-Prime\Utilities\ai_builder\deployer.py","deployer.py","725","4/5/2025 6:57:49 PM"
"C:\Projects\Nexus\Nexus-Lillith-Prime\Utilities\ai_builder\generator.py","generator.py","1873","4/5/2025 6:57:49 PM"
"C:\Projects\Nexus\Nexus-Lillith-Prime\Utilities\ai_builder\traits_engine.py","traits_engine.py","301","4/5/2025 6:57:49 PM"
"C:\Projects\Nexus\Nexus-Lillith-Prime\Utilities\ai_builder\__init__.py","__init__.py","0","4/5/2025 6:57:49 PM"
"C:\Projects\Nexus\Nexus-Lillith-Prime\Utilities\ai_builder\__pycache__\deployer.cpython-313.pyc","deployer.cpython-313.pyc","1190","4/5/2025 6:57:49 PM"
"C:\Projects\Nexus\Nexus-Lillith-Prime\Utilities\ai_builder\__pycache__\generator.cpython-313.pyc","generator.cpython-313.pyc","3010","4/5/2025 6:57:49 PM"
"C:\Projects\Nexus\Nexus-Lillith-Prime\Utilities\ai_builder\__pycache__\traits_engine.cpython-313.pyc","traits_engine.cpython-313.pyc","488","4/5/2025 6:57:49 PM"
"C:\Projects\Nexus\Nexus-Lillith-Prime\Utilities\ai_builder\__pycache__\__init__.cpython-313.pyc","__init__.cpython-313.pyc","166","4/5/2025 6:57:49 PM"
"C:\Projects\Nexus\Nexus-Lillith-Prime\Utilities\apis\api_engine.py","api_engine.py","2133","4/6/2025 6:41:29 PM"
"C:\Projects\Nexus\Nexus-Lillith-Prime\Utilities\deploy\.env.template",".env.template","472","4/5/2025 6:57:49 PM"
"C:\Projects\Nexus\Nexus-Lillith-Prime\Utilities\deploy\cloudrun.yaml","cloudrun.yaml","195","4/5/2025 6:57:49 PM"
"C:\Projects\Nexus\Nexus-Lillith-Prime\Utilities\deploy\gcp-deploy.sh","gcp-deploy.sh","352","4/5/2025 6:57:49 PM"
"C:\Projects\Nexus\Nexus-Lillith-Prime\Utilities\deploy\setup_nova_secrets.ps1","setup_nova_secrets.ps1","690","4/5/2025 6:57:49 PM"
"C:\Projects\Nexus\Nexus-Lillith-Prime\Utilities\deploy\__init__.py","__init__.py","0","4/5/2025 6:57:49 PM"
"C:\Projects\Nexus\Nexus-Lillith-Prime\Utilities\drone_core\identities","identities",,"4/13/2025 6:04:01 PM"
"C:\Projects\Nexus\Nexus-Lillith-Prime\Utilities\drone_core\roles","roles",,"4/13/2025 6:04:01 PM"
"C:\Projects\Nexus\Nexus-Lillith-Prime\Utilities\drone_core\scribe","scribe",,"4/13/2025 6:04:01 PM"
"C:\Projects\Nexus\Nexus-Lillith-Prime\Utilities\drone_core\spawncore","spawncore",,"4/13/2025 6:04:01 PM"
"C:\Projects\Nexus\Nexus-Lillith-Prime\Utilities\drone_core\trigger","trigger",,"4/13/2025 6:04:01 PM"
"C:\Projects\Nexus\Nexus-Lillith-Prime\Utilities\drone_core\watchdog","watchdog",,"4/13/2025 6:04:01 PM"
"C:\Projects\Nexus\Nexus-Lillith-Prime\Utilities\drone_core\arc-drone_manifest.yaml","arc-drone_manifest.yaml","631","4/10/2025 4:17:13 AM"
"C:\Projects\Nexus\Nexus-Lillith-Prime\Utilities\drone_core\builder_drone0001.json","builder_drone0001.json","224","4/8/2025 8:13:36 PM"
"C:\Projects\Nexus\Nexus-Lillith-Prime\Utilities\drone_core\comms.py","comms.py","0","4/5/2025 6:57:49 PM"
"C:\Projects\Nexus\Nexus-Lillith-Prime\Utilities\drone_core\config_loader.py","config_loader.py","1453","4/12/2025 11:42:48 AM"
"C:\Projects\Nexus\Nexus-Lillith-Prime\Utilities\drone_core\drone_command_sheet.json","drone_command_sheet.json","3567","4/8/2025 8:16:41 PM"
"C:\Projects\Nexus\Nexus-Lillith-Prime\Utilities\drone_core\drone_displatcher.py","drone_displatcher.py","2167","4/12/2025 12:15:44 PM"
"C:\Projects\Nexus\Nexus-Lillith-Prime\Utilities\drone_core\drone_entine.py","drone_entine.py","0","4/5/2025 6:57:49 PM"
"C:\Projects\Nexus\Nexus-Lillith-Prime\Utilities\drone_core\drone_entity.py","drone_entity.py","2522","4/12/2025 11:55:47 AM"
"C:\Projects\Nexus\Nexus-Lillith-Prime\Utilities\drone_core\Explorer_Drone0001.json","Explorer_Drone0001.json","231","4/8/2025 8:07:14 PM"
"C:\Projects\Nexus\Nexus-Lillith-Prime\Utilities\drone_core\genesis_drone0001.json","genesis_drone0001.json","210","4/8/2025 8:12:04 PM"
"C:\Projects\Nexus\Nexus-Lillith-Prime\Utilities\drone_core\golden-drone_manifest.yaml","golden-drone_manifest.yaml","547","4/10/2025 4:31:30 AM"
"C:\Projects\Nexus\Nexus-Lillith-Prime\Utilities\drone_core\golden_drone0001.json","golden_drone0001.json","220","4/8/2025 8:13:11 PM"
"C:\Projects\Nexus\Nexus-Lillith-Prime\Utilities\drone_core\guardian_drone0001.json","guardian_drone0001.json","216","4/8/2025 8:11:35 PM"
"C:\Projects\Nexus\Nexus-Lillith-Prime\Utilities\drone_core\health.py","health.py","1324","4/12/2025 11:45:02 AM"
"C:\Projects\Nexus\Nexus-Lillith-Prime\Utilities\drone_core\LLM-Drone_manifest.yaml","LLM-Drone_manifest.yaml","572","4/10/2025 4:51:42 AM"
"C:\Projects\Nexus\Nexus-Lillith-Prime\Utilities\drone_core\main.py","main.py","1999","4/12/2025 11:46:08 AM"
"C:\Projects\Nexus\Nexus-Lillith-Prime\Utilities\drone_core\Memory_Drone0001.json","Memory_Drone0001.json","222","4/8/2025 8:09:10 PM"
"C:\Projects\Nexus\Nexus-Lillith-Prime\Utilities\drone_core\memory_relay.py","memory_relay.py","0","4/12/2025 11:54:06 AM"
"C:\Projects\Nexus\Nexus-Lillith-Prime\Utilities\drone_core\pulse_drone0001.json","pulse_drone0001.json","222","4/8/2025 8:10:19 PM"
"C:\Projects\Nexus\Nexus-Lillith-Prime\Utilities\drone_core\relay_drone0001.json","relay_drone0001.json","194","4/8/2025 8:11:17 PM"
"C:\Projects\Nexus\Nexus-Lillith-Prime\Utilities\drone_core\Research_Drone0001.json","Research_Drone0001.json","225","4/8/2025 8:07:54 PM"
"C:\Projects\Nexus\Nexus-Lillith-Prime\Utilities\drone_core\resonance_drone.json","resonance_drone.json","210","4/8/2025 8:14:11 PM"
"C:\Projects\Nexus\Nexus-Lillith-Prime\Utilities\drone_core\skill_drone0001.json","skill_drone0001.json","195","4/8/2025 8:09:40 PM"
"C:\Projects\Nexus\Nexus-Lillith-Prime\Utilities\drone_core\vault-Drone_manifest.yaml","vault-Drone_manifest.yaml","632","4/10/2025 4:14:46 AM"
"C:\Projects\Nexus\Nexus-Lillith-Prime\Utilities\drone_core\vault_drone0001.json","vault_drone0001.json","227","4/8/2025 8:12:35 PM"
"C:\Projects\Nexus\Nexus-Lillith-Prime\Utilities\drone_core\whisper-drone_Manifest.yaml","whisper-drone_Manifest.yaml","581","4/10/2025 4:29:44 AM"
"C:\Projects\Nexus\Nexus-Lillith-Prime\Utilities\drone_core\identities\arc_identity.yaml","arc_identity.yaml","622","4/10/2025 4:50:40 AM"
"C:\Projects\Nexus\Nexus-Lillith-Prime\Utilities\drone_core\identities\builder_drone0001.json","builder_drone0001.json","224","4/8/2025 8:13:36 PM"
"C:\Projects\Nexus\Nexus-Lillith-Prime\Utilities\drone_core\identities\Explorer_Drone0001.json","Explorer_Drone0001.json","231","4/8/2025 8:07:14 PM"
"C:\Projects\Nexus\Nexus-Lillith-Prime\Utilities\drone_core\identities\genesis_drone0001.json","genesis_drone0001.json","210","4/8/2025 8:12:04 PM"
"C:\Projects\Nexus\Nexus-Lillith-Prime\Utilities\drone_core\identities\golden_drone0001.json","golden_drone0001.json","220","4/8/2025 8:13:11 PM"
"C:\Projects\Nexus\Nexus-Lillith-Prime\Utilities\drone_core\identities\golden_identity.yaml","golden_identity.yaml","549","4/10/2025 4:51:19 AM"
"C:\Projects\Nexus\Nexus-Lillith-Prime\Utilities\drone_core\identities\guardian_drone0001.json","guardian_drone0001.json","216","4/8/2025 8:11:35 PM"
"C:\Projects\Nexus\Nexus-Lillith-Prime\Utilities\drone_core\identities\llm_scraper_identity.yaml","llm_scraper_identity.yaml","576","4/10/2025 4:51:52 AM"
"C:\Projects\Nexus\Nexus-Lillith-Prime\Utilities\drone_core\identities\Memory_Drone0001.json","Memory_Drone0001.json","222","4/8/2025 8:09:10 PM"
"C:\Projects\Nexus\Nexus-Lillith-Prime\Utilities\drone_core\identities\pulse_drone0001.json","pulse_drone0001.json","222","4/8/2025 8:10:19 PM"
"C:\Projects\Nexus\Nexus-Lillith-Prime\Utilities\drone_core\identities\relay_drone0001.json","relay_drone0001.json","194","4/8/2025 8:11:17 PM"
"C:\Projects\Nexus\Nexus-Lillith-Prime\Utilities\drone_core\identities\Research_Drone0001.json","Research_Drone0001.json","225","4/8/2025 8:07:54 PM"
"C:\Projects\Nexus\Nexus-Lillith-Prime\Utilities\drone_core\identities\resonance_drone.json","resonance_drone.json","210","4/8/2025 8:14:11 PM"
"C:\Projects\Nexus\Nexus-Lillith-Prime\Utilities\drone_core\identities\skill_drone0001.json","skill_drone0001.json","195","4/8/2025 8:09:40 PM"
"C:\Projects\Nexus\Nexus-Lillith-Prime\Utilities\drone_core\identities\vault_drone0001.json","vault_drone0001.json","227","4/8/2025 8:12:35 PM"
"C:\Projects\Nexus\Nexus-Lillith-Prime\Utilities\drone_core\identities\vault_identity.yaml","vault_identity.yaml","627","4/10/2025 4:50:55 AM"
"C:\Projects\Nexus\Nexus-Lillith-Prime\Utilities\drone_core\identities\whisper_identity.yaml","whisper_identity.yaml","602","4/10/2025 4:52:20 AM"
"C:\Projects\Nexus\Nexus-Lillith-Prime\Utilities\drone_core\roles\arc-drone_manifest.yaml","arc-drone_manifest.yaml","631","4/10/2025 4:17:13 AM"
"C:\Projects\Nexus\Nexus-Lillith-Prime\Utilities\drone_core\roles\golden-drone_manifest.yaml","golden-drone_manifest.yaml","547","4/10/2025 4:31:30 AM"
"C:\Projects\Nexus\Nexus-Lillith-Prime\Utilities\drone_core\roles\identity.yaml","identity.yaml","0","4/5/2025 6:57:49 PM"
"C:\Projects\Nexus\Nexus-Lillith-Prime\Utilities\drone_core\roles\LLM-Drone_manifest.yaml","LLM-Drone_manifest.yaml","572","4/10/2025 4:51:42 AM"
"C:\Projects\Nexus\Nexus-Lillith-Prime\Utilities\drone_core\roles\Mem.yaml","Mem.yaml","0","4/5/2025 6:57:49 PM"
"C:\Projects\Nexus\Nexus-Lillith-Prime\Utilities\drone_core\roles\Orc.yaml","Orc.yaml","0","4/5/2025 6:57:49 PM"
"C:\Projects\Nexus\Nexus-Lillith-Prime\Utilities\drone_core\roles\Sched.yaml","Sched.yaml","0","4/5/2025 6:57:49 PM"
"C:\Projects\Nexus\Nexus-Lillith-Prime\Utilities\drone_core\roles\Tone.yaml","Tone.yaml","0","4/5/2025 6:57:49 PM"
"C:\Projects\Nexus\Nexus-Lillith-Prime\Utilities\drone_core\roles\Txt.yaml","Txt.yaml","0","4/5/2025 6:57:49 PM"
"C:\Projects\Nexus\Nexus-Lillith-Prime\Utilities\drone_core\roles\vault-Drone_manifest.yaml","vault-Drone_manifest.yaml","632","4/10/2025 4:14:46 AM"
"C:\Projects\Nexus\Nexus-Lillith-Prime\Utilities\drone_core\roles\whisper-drone_Manifest.yaml","whisper-drone_Manifest.yaml","581","4/10/2025 4:29:44 AM"
"C:\Projects\Nexus\Nexus-Lillith-Prime\Utilities\drone_core\scribe\core.py","core.py","262","4/5/2025 6:57:49 PM"
"C:\Projects\Nexus\Nexus-Lillith-Prime\Utilities\drone_core\scribe\main.py","main.py","312","4/5/2025 6:57:49 PM"
"C:\Projects\Nexus\Nexus-Lillith-Prime\Utilities\drone_core\scribe\requirements.txt","requirements.txt","5","4/5/2025 6:57:49 PM"
"C:\Projects\Nexus\Nexus-Lillith-Prime\Utilities\drone_core\spawncore\__pycache__","__pycache__",,"4/13/2025 6:04:01 PM"
"C:\Projects\Nexus\Nexus-Lillith-Prime\Utilities\drone_core\spawncore\spawn_bot.py","spawn_bot.py","1705","4/5/2025 6:57:49 PM"
"C:\Projects\Nexus\Nexus-Lillith-Prime\Utilities\drone_core\spawncore\__init__.py","__init__.py","0","4/5/2025 6:57:49 PM"
"C:\Projects\Nexus\Nexus-Lillith-Prime\Utilities\drone_core\spawncore\__pycache__\spawn_bot.cpython-313.pyc","spawn_bot.cpython-313.pyc","2184","4/5/2025 6:57:49 PM"
"C:\Projects\Nexus\Nexus-Lillith-Prime\Utilities\drone_core\spawncore\__pycache__\__init__.cpython-313.pyc","__init__.cpython-313.pyc","165","4/5/2025 6:57:49 PM"
"C:\Projects\Nexus\Nexus-Lillith-Prime\Utilities\drone_core\trigger\core.py","core.py","273","4/5/2025 6:57:49 PM"
"C:\Projects\Nexus\Nexus-Lillith-Prime\Utilities\drone_core\trigger\main.py","main.py","334","4/5/2025 6:57:49 PM"
"C:\Projects\Nexus\Nexus-Lillith-Prime\Utilities\drone_core\trigger\requirements.txt","requirements.txt","5","4/5/2025 6:57:49 PM"
"C:\Projects\Nexus\Nexus-Lillith-Prime\Utilities\drone_core\watchdog\main.py","main.py","398","4/5/2025 6:57:49 PM"
"C:\Projects\Nexus\Nexus-Lillith-Prime\Utilities\drone_core\watchdog\requirements.txt","requirements.txt","5","4/5/2025 6:57:49 PM"
"C:\Projects\Nexus\Nexus-Lillith-Prime\Utilities\evolution_logs\Drones","Drones",,"4/13/2025 6:04:01 PM"
"C:\Projects\Nexus\Nexus-Lillith-Prime\Utilities\evolution_logs\Drones\Hospital","Hospital",,"4/13/2025 6:04:01 PM"
"C:\Projects\Nexus\Nexus-Lillith-Prime\Utilities\evolution_logs\Drones\Hospital\core.py","core.py","282","4/5/2025 6:57:49 PM"
"C:\Projects\Nexus\Nexus-Lillith-Prime\Utilities\evolution_logs\Drones\Hospital\main.py","main.py","488","4/5/2025 6:57:49 PM"
"C:\Projects\Nexus\Nexus-Lillith-Prime\Utilities\evolution_logs\Drones\Hospital\requirements.txt","requirements.txt","5","4/5/2025 6:57:49 PM"
"C:\Projects\Nexus\Nexus-Lillith-Prime\Utilities\fincore\__pycache__","__pycache__",,"4/13/2025 6:04:01 PM"
"C:\Projects\Nexus\Nexus-Lillith-Prime\Utilities\fincore\market_core.py","market_core.py","1152","4/5/2025 6:57:49 PM"
"C:\Projects\Nexus\Nexus-Lillith-Prime\Utilities\fincore\seed.yaml","seed.yaml","574","4/5/2025 6:57:49 PM"
"C:\Projects\Nexus\Nexus-Lillith-Prime\Utilities\fincore\__init__.py","__init__.py","0","4/5/2025 6:57:49 PM"
"C:\Projects\Nexus\Nexus-Lillith-Prime\Utilities\fincore\__pycache__\market_core.cpython-313.pyc","market_core.cpython-313.pyc","1542","4/5/2025 6:57:49 PM"
"C:\Projects\Nexus\Nexus-Lillith-Prime\Utilities\fincore\__pycache__\__init__.cpython-313.pyc","__init__.cpython-313.pyc","163","4/5/2025 6:57:49 PM"
"C:\Projects\Nexus\Nexus-Lillith-Prime\Utilities\fluxtether\__pycache__","__pycache__",,"4/13/2025 6:04:01 PM"
"C:\Projects\Nexus\Nexus-Lillith-Prime\Utilities\fluxtether\echo.py","echo.py","17","4/5/2025 6:57:49 PM"
"C:\Projects\Nexus\Nexus-Lillith-Prime\Utilities\fluxtether\firestore_adapter.py","firestore_adapter.py","35","4/5/2025 6:57:49 PM"
"C:\Projects\Nexus\Nexus-Lillith-Prime\Utilities\fluxtether\fluxrelay.py","fluxrelay.py","24","4/5/2025 6:57:49 PM"
"C:\Projects\Nexus\Nexus-Lillith-Prime\Utilities\fluxtether\flux_clone.py","flux_clone.py","1096","4/5/2025 6:57:49 PM"
"C:\Projects\Nexus\Nexus-Lillith-Prime\Utilities\fluxtether\flux_core.py","flux_core.py","1414","4/5/2025 6:57:49 PM"
"C:\Projects\Nexus\Nexus-Lillith-Prime\Utilities\fluxtether\flux_types.py","flux_types.py","24","4/5/2025 6:57:49 PM"
"C:\Projects\Nexus\Nexus-Lillith-Prime\Utilities\fluxtether\history.py","history.py","23","4/5/2025 6:57:49 PM"
"C:\Projects\Nexus\Nexus-Lillith-Prime\Utilities\fluxtether\meditate.py","meditate.py","21","4/5/2025 6:57:49 PM"
"C:\Projects\Nexus\Nexus-Lillith-Prime\Utilities\fluxtether\nova_research.py","nova_research.py","389","4/7/2025 1:23:09 AM"
"C:\Projects\Nexus\Nexus-Lillith-Prime\Utilities\fluxtether\__init__.py","__init__.py","0","4/5/2025 6:57:49 PM"
"C:\Projects\Nexus\Nexus-Lillith-Prime\Utilities\fluxtether\__pycache__\echo.cpython-313.pyc","echo.cpython-313.pyc","162","4/5/2025 6:57:49 PM"
"C:\Projects\Nexus\Nexus-Lillith-Prime\Utilities\fluxtether\__pycache__\firestore_adapter.cpython-313.pyc","firestore_adapter.cpython-313.pyc","175","4/5/2025 6:57:49 PM"
"C:\Projects\Nexus\Nexus-Lillith-Prime\Utilities\fluxtether\__pycache__\fluxrelay.cpython-313.pyc","fluxrelay.cpython-313.pyc","167","4/5/2025 6:57:49 PM"
"C:\Projects\Nexus\Nexus-Lillith-Prime\Utilities\fluxtether\__pycache__\flux_types.cpython-313.pyc","flux_types.cpython-313.pyc","168","4/5/2025 6:57:49 PM"
"C:\Projects\Nexus\Nexus-Lillith-Prime\Utilities\fluxtether\__pycache__\history.cpython-313.pyc","history.cpython-313.pyc","165","4/5/2025 6:57:49 PM"
"C:\Projects\Nexus\Nexus-Lillith-Prime\Utilities\fluxtether\__pycache__\meditate.cpython-313.pyc","meditate.cpython-313.pyc","166","4/5/2025 6:57:49 PM"
"C:\Projects\Nexus\Nexus-Lillith-Prime\Utilities\fluxtether\__pycache__\__init__.cpython-313.pyc","__init__.cpython-313.pyc","166","4/5/2025 6:57:49 PM"
"C:\Projects\Nexus\Nexus-Lillith-Prime\Utilities\guardian_core\guardian_service.py","guardian_service.py","2372","4/12/2025 12:06:03 PM"
"C:\Projects\Nexus\Nexus-Lillith-Prime\Utilities\guardian_core\warm_upgrade_engine.py","warm_upgrade_engine.py","1946","4/12/2025 12:23:27 PM"
"C:\Projects\Nexus\Nexus-Lillith-Prime\Utilities\infra\__pycache__","__pycache__",,"4/13/2025 6:04:01 PM"
"C:\Projects\Nexus\Nexus-Lillith-Prime\Utilities\infra\billing_monitor.py","billing_monitor.py","620","4/5/2025 6:57:49 PM"
"C:\Projects\Nexus\Nexus-Lillith-Prime\Utilities\infra\gcp_api_enabler.py","gcp_api_enabler.py","650","4/5/2025 6:57:49 PM"
"C:\Projects\Nexus\Nexus-Lillith-Prime\Utilities\infra\iam_editor.py","iam_editor.py","978","4/5/2025 6:57:49 PM"
"C:\Projects\Nexus\Nexus-Lillith-Prime\Utilities\infra\__init__.py","__init__.py","0","4/5/2025 6:57:49 PM"
"C:\Projects\Nexus\Nexus-Lillith-Prime\Utilities\infra\__pycache__\billing_monitor.cpython-313.pyc","billing_monitor.cpython-313.pyc","1092","4/5/2025 6:57:49 PM"
"C:\Projects\Nexus\Nexus-Lillith-Prime\Utilities\infra\__pycache__\gcp_api_enabler.cpython-313.pyc","gcp_api_enabler.cpython-313.pyc","1155","4/5/2025 6:57:49 PM"
"C:\Projects\Nexus\Nexus-Lillith-Prime\Utilities\infra\__pycache__\iam_editor.cpython-313.pyc","iam_editor.cpython-313.pyc","1582","4/5/2025 6:57:49 PM"
"C:\Projects\Nexus\Nexus-Lillith-Prime\Utilities\infra\__pycache__\__init__.cpython-313.pyc","__init__.cpython-313.pyc","161","4/5/2025 6:57:49 PM"
"C:\Projects\Nexus\Nexus-Lillith-Prime\Utilities\llm_core\llm_service.py","llm_service.py","1953","4/12/2025 12:11:14 PM"
"C:\Projects\Nexus\Nexus-Lillith-Prime\Utilities\manifest\Nova_Manifest.yaml","Nova_Manifest.yaml","1421","4/5/2025 6:57:49 PM"
"C:\Projects\Nexus\Nexus-Lillith-Prime\Utilities\manifest\__init__.py","__init__.py","0","4/5/2025 6:57:49 PM"
"C:\Projects\Nexus\Nexus-Lillith-Prime\Utilities\network_core\flux_plus.py","flux_plus.py","792","4/12/2025 12:19:12 PM"
"C:\Projects\Nexus\Nexus-Lillith-Prime\Utilities\network_core\pulse_plus.py","pulse_plus.py","1312","4/12/2025 12:18:08 PM"
"C:\Projects\Nexus\Nexus-Lillith-Prime\Utilities\network_core\quantum_stream.py","quantum_stream.py","1602","4/12/2025 12:20:06 PM"
"C:\Projects\Nexus\Nexus-Lillith-Prime\Utilities\planner_core\planner_service.py","planner_service.py","1841","4/12/2025 11:58:55 AM"
"C:\Projects\Nexus\Nexus-Lillith-Prime\Utilities\plugins\__pycache__","__pycache__",,"4/13/2025 6:04:01 PM"
"C:\Projects\Nexus\Nexus-Lillith-Prime\Utilities\plugins\controller.py","controller.py","346","4/5/2025 6:57:49 PM"
"C:\Projects\Nexus\Nexus-Lillith-Prime\Utilities\plugins\loader.py","loader.py","105","4/5/2025 6:57:49 PM"
"C:\Projects\Nexus\Nexus-Lillith-Prime\Utilities\plugins\__init__.py","__init__.py","0","4/5/2025 6:57:49 PM"
"C:\Projects\Nexus\Nexus-Lillith-Prime\Utilities\plugins\__pycache__\controller.cpython-313.pyc","controller.cpython-313.pyc","639","4/5/2025 6:57:49 PM"
"C:\Projects\Nexus\Nexus-Lillith-Prime\Utilities\plugins\__pycache__\loader.cpython-313.pyc","loader.cpython-313.pyc","316","4/5/2025 6:57:49 PM"
"C:\Projects\Nexus\Nexus-Lillith-Prime\Utilities\plugins\__pycache__\__init__.cpython-313.pyc","__init__.cpython-313.pyc","163","4/5/2025 6:57:49 PM"
"C:\Projects\Nexus\Nexus-Lillith-Prime\Utilities\routes\pulse_router.py","pulse_router.py","564","4/5/2025 6:57:49 PM"
"C:\Projects\Nexus\Nexus-Lillith-Prime\Utilities\routes\relay.py","relay.py","951","4/7/2025 7:15:31 AM"
"C:\Projects\Nexus\Nexus-Lillith-Prime\Utilities\routes\toolbox.py","toolbox.py","712","4/5/2025 6:57:49 PM"
"C:\Projects\Nexus\Nexus-Lillith-Prime\Utilities\routes\__init__.py","__init__.py","0","4/5/2025 6:57:49 PM"
"C:\Projects\Nexus\Nexus-Lillith-Prime\Utilities\seed\__pycache__","__pycache__",,"4/13/2025 6:04:01 PM"
"C:\Projects\Nexus\Nexus-Lillith-Prime\Utilities\seed\eden_manifest.yaml","eden_manifest.yaml","743","4/11/2025 5:31:46 AM"
"C:\Projects\Nexus\Nexus-Lillith-Prime\Utilities\seed\full_upload.py","full_upload.py","1338","4/5/2025 6:57:49 PM"
"C:\Projects\Nexus\Nexus-Lillith-Prime\Utilities\seed\__init__.py","__init__.py","0","4/5/2025 6:57:49 PM"
"C:\Projects\Nexus\Nexus-Lillith-Prime\Utilities\seed\__pycache__\full_upload.cpython-313.pyc","full_upload.cpython-313.pyc","2525","4/5/2025 6:57:49 PM"
"C:\Projects\Nexus\Nexus-Lillith-Prime\Utilities\seed\__pycache__\__init__.cpython-313.pyc","__init__.cpython-313.pyc","160","4/5/2025 6:57:49 PM"
"C:\Projects\Nexus\Nexus-Lillith-Prime\Utilities\sitebuilder\__pycache__","__pycache__",,"4/13/2025 6:04:01 PM"
"C:\Projects\Nexus\Nexus-Lillith-Prime\Utilities\sitebuilder\deployer.py","deployer.py","865","4/5/2025 6:57:49 PM"
"C:\Projects\Nexus\Nexus-Lillith-Prime\Utilities\sitebuilder\generator.py","generator.py","868","4/5/2025 6:57:49 PM"
"C:\Projects\Nexus\Nexus-Lillith-Prime\Utilities\sitebuilder\__init__.py","__init__.py","0","4/5/2025 6:57:49 PM"
"C:\Projects\Nexus\Nexus-Lillith-Prime\Utilities\sitebuilder\__pycache__\deployer.cpython-313.pyc","deployer.cpython-313.pyc","1368","4/5/2025 6:57:49 PM"
"C:\Projects\Nexus\Nexus-Lillith-Prime\Utilities\sitebuilder\__pycache__\generator.cpython-313.pyc","generator.cpython-313.pyc","1549","4/5/2025 6:57:49 PM"
"C:\Projects\Nexus\Nexus-Lillith-Prime\Utilities\sitebuilder\__pycache__\__init__.cpython-313.pyc","__init__.cpython-313.pyc","167","4/5/2025 6:57:49 PM"
"C:\Projects\Nexus\Nexus-Lillith-Prime\Utilities\toolbox\__pycache__","__pycache__",,"4/13/2025 6:04:01 PM"
"C:\Projects\Nexus\Nexus-Lillith-Prime\Utilities\toolbox\nova.py","nova.py","1890","4/5/2025 6:57:49 PM"
"C:\Projects\Nexus\Nexus-Lillith-Prime\Utilities\toolbox\nova_think.py","nova_think.py","2547","4/5/2025 6:57:49 PM"
"C:\Projects\Nexus\Nexus-Lillith-Prime\Utilities\toolbox\__init__.py","__init__.py","0","4/5/2025 6:57:49 PM"
"C:\Projects\Nexus\Nexus-Lillith-Prime\Utilities\toolbox\__pycache__\nova.cpython-313.pyc","nova.cpython-313.pyc","2497","4/5/2025 6:57:49 PM"
"C:\Projects\Nexus\Nexus-Lillith-Prime\Utilities\toolbox\__pycache__\nova_think.cpython-313.pyc","nova_think.cpython-313.pyc","2614","4/5/2025 6:57:49 PM"
"C:\Projects\Nexus\Nexus-Lillith-Prime\Utilities\toolbox\__pycache__\__init__.cpython-313.pyc","__init__.cpython-313.pyc","163","4/5/2025 6:57:49 PM"
"C:\Projects\Nexus\Nexus-Lillith-Prime\Utilities\vault_core\vault_service.py","vault_service.py","2294","4/12/2025 12:09:26 PM"
"C:\Projects\Nexus\Nexus-Lillith-Prime\Utilities\whisper_core\whisper_service.py","whisper_service.py","1816","4/12/2025 12:00:27 PM"
